ellipticity,key,m,status,half,advance
0.01,cap16_plus_channel_only,1,defined,-0.03038312617150718,0.0
0.01,cap16_plus_channel_only,4,defined,-0.4499359377780823,0.4195528116065751
0.01,cap16_common_ellipticity,1,defined,0.17241469390500408,0.0
0.01,cap16_common_ellipticity,4,defined,-0.38217363414047245,0.5545883280454765
0.01,cap16_opposite_axis_ellipticity,1,defined,0.17241469390500408,0.0
0.01,cap16_opposite_axis_ellipticity,4,defined,-0.38217363414047245,0.5545883280454765
0.01,cap24_plus_channel_only,1,defined,-0.03038312617150718,0.0
0.01,cap24_plus_channel_only,4,defined,-0.4499359377780823,0.4195528116065751
0.01,cap24_common_ellipticity,1,defined,0.17241469390500408,0.0
0.01,cap24_common_ellipticity,4,defined,-0.38217363414047245,0.5545883280454765
0.01,cap24_opposite_axis_ellipticity,1,defined,0.17241469390500408,0.0
0.01,cap24_opposite_axis_ellipticity,4,defined,-0.38217363414047245,0.5545883280454765
0.01,cap32_plus_channel_only,1,defined,-0.03038312617150718,0.0
0.01,cap32_plus_channel_only,4,defined,-0.4499359377780823,0.4195528116065751
0.01,cap32_common_ellipticity,1,defined,0.17241469390500408,0.0
0.01,cap32_common_ellipticity,4,defined,-0.38217363414047245,0.5545883280454765
0.01,cap32_opposite_axis_ellipticity,1,defined,0.17241469390500408,0.0
0.01,cap32_opposite_axis_ellipticity,4,defined,-0.38217363414047245,0.5545883280454765
0.005,cap16_plus_channel_only,1,defined,-0.013050328905293958,0.0
0.005,cap16_plus_channel_only,4,defined,-0.3291965104219757,0.3161461815166817
0.005,cap16_common_ellipticity,1,defined,-0.0023154776757640626,0.0
0.005,cap16_common_ellipticity,4,defined,-0.3143721524157027,0.31205667473993864
0.005,cap16_opposite_axis_ellipticity,1,defined,-0.0023154776757640626,0.0
0.005,cap16_opposite_axis_ellipticity,4,defined,-0.3143721524157027,0.31205667473993864
0.005,cap24_plus_channel_only,1,defined,-0.013050328905293958,0.0
0.005,cap24_plus_channel_only,4,defined,-0.3291965104219757,0.3161461815166817
0.005,cap24_common_ellipticity,1,defined,-0.0023154776757640626,0.0
0.005,cap24_common_ellipticity,4,defined,-0.3143721524157027,0.31205667473993864
0.005,cap24_opposite_axis_ellipticity,1,defined,-0.0023154776757640626,0.0
0.005,cap24_opposite_axis_ellipticity,4,defined,-0.3143721524157027,0.31205667473993864
0.005,cap32_plus_channel_only,1,defined,-0.013050328905293958,0.0
0.005,cap32_plus_channel_only,4,defined,-0.3291965104219757,0.3161461815166817
0.005,cap32_common_ellipticity,1,defined,-0.0023154776757640626,0.0
0.005,cap32_common_ellipticity,4,defined,-0.3143721524157027,0.31205667473993864
0.005,cap32_opposite_axis_ellipticity,1,defined,-0.0023154776757640626,0.0
0.005,cap32_opposite_axis_ellipticity,4,defined,-0.3143721524157027,0.31205667473993864
