R0,eta,partition,variant,advance
24,0.35,3,full,0.17858891901693164
32,0.35,3,full,0.13360599995579184
40,0.35,3,full,0.10687305450935945
56,0.35,3,full,0.07645416561482225
24,0.35,3,inward,0.18598444064963202
32,0.35,3,inward,0.13966956383939702
40,0.35,3,inward,0.10856908764331749
56,0.35,3,inward,0.07513554554232965
24,0.35,3,without_endpoint,0.18598924939891975
32,0.35,3,without_endpoint,0.13966868988488512
40,0.35,3,without_endpoint,0.10857007788942843
56,0.35,3,without_endpoint,0.07513466011656694
24,0.35,3,without_high_u_remainder,0.17858891901556886
32,0.35,3,without_high_u_remainder,0.13360600001064293
40,0.35,3,without_high_u_remainder,0.10687305442816086
56,0.35,3,without_high_u_remainder,0.07645416547947673
24,0.35,3,without_outward,0.17858194574228725
32,0.35,3,without_outward,0.13360630767059153
40,0.35,3,without_outward,0.10687198257964553
56,0.35,3,without_outward,0.07645506684434937
24,0.35,4,full,0.17858891901693164
32,0.35,4,full,0.13360599995579184
40,0.35,4,full,0.10687305450935945
56,0.35,4,full,0.07645416561482225
24,0.35,4,inward,0.1681473018278694
32,0.35,4,inward,0.13671277850494784
40,0.35,4,inward,0.1053869906597449
56,0.35,4,inward,0.07595502845009074
24,0.35,4,without_endpoint,0.16818071905058396
32,0.35,4,without_endpoint,0.13670787684637298
40,0.35,4,without_endpoint,0.10539184633153655
56,0.35,4,without_endpoint,0.07595368921697102
24,0.35,4,without_high_u_remainder,0.17858891874793564
32,0.35,4,without_high_u_remainder,0.13360600040359932
40,0.35,4,without_high_u_remainder,0.1068730540481384
56,0.35,4,without_high_u_remainder,0.07645416500140878
24,0.35,4,without_outward,0.17855312062939432
32,0.35,4,without_outward,0.1336106978760314
40,0.35,4,without_outward,0.10686814329622005
56,0.35,4,without_outward,0.0764554970502799
24,0.35,6,full,0.17858891901693164
32,0.35,6,full,0.13360599995579184
40,0.35,6,full,0.10687305450935945
56,0.35,6,full,0.07645416561482225
24,0.35,6,inward,0.1716989975386785
32,0.35,6,inward,0.1312521107240604
40,0.35,6,inward,0.10611525236337221
56,0.35,6,inward,0.07634625513276955
24,0.35,6,without_endpoint,0.1719248657134782
32,0.35,6,without_endpoint,0.13125748730449535
40,0.35,6,without_endpoint,0.10611226926635917
56,0.35,6,without_endpoint,0.07634451380375906
24,0.35,6,without_high_u_remainder,0.17858891792100512
32,0.35,6,without_high_u_remainder,0.1336060011214718
40,0.35,6,without_high_u_remainder,0.10687305361804357
56,0.35,6,without_high_u_remainder,0.07645416480008828
24,0.35,6,without_outward,0.17836723409608105
32,0.35,6,without_outward,0.13360033164086557
40,0.35,6,without_outward,0.10687598118729619
56,0.35,6,without_outward,0.07645590754532586
