R0,eta,m,quintic_half,cubic_half,quintic_minus_cubic_half,quintic_minus_cubic_peak
192,0.2,1,0.07907976562540453,0.07907975988698279,5.7384217377887126e-09,-4.834771549777628e-07
192,0.2,4,0.0439503237711327,0.04395031669442404,7.076708656572617e-09,-4.68121242880315e-07
192,0.2,6,0.015501657669070591,0.015501651855100995,5.813969595688806e-09,-3.664182482987499e-07
192,0.7,1,0.18938712727651008,0.18938712194021412,5.336295960667314e-09,5.160024583172884e-07
192,0.7,4,0.1508185411700723,0.150818538500191,2.6698812882752776e-09,-7.030146611519683e-07
192,0.7,6,0.12097986029819457,0.12097985727088367,3.0273109019596234e-09,-6.394778242491128e-07
192,0.9,1,0.2993297794861345,0.29932977941781214,6.83223477793149e-11,1.5416943233148572e-07
192,0.9,4,0.25564487575571393,0.2556448733179521,2.4377618257354072e-09,5.866772401219578e-07
192,0.9,6,0.2227541579980434,0.2227541543944445,3.6035989192662043e-09,-8.247237390790474e-07
24,0.2,1,-0.002776043404654815,-0.002776044999670546,1.5950157310380686e-09,3.7550482023807064e-07
24,0.2,4,-0.29028989105783604,-0.2902898953479752,4.290139188345421e-09,1.9519352212338248e-07
24,0.2,6,-0.5403973971201308,-0.5403974048674107,7.747279928693729e-09,1.520699300927575e-07
24,0.7,1,-0.002428394704496194,-0.002428400911926778,6.20743058387177e-09,-1.8074217544850057e-07
24,0.7,4,-0.2943978049658568,-0.29439780671508853,1.749231703929155e-09,7.749447294980172e-08
24,0.7,6,-0.5279664783861937,-0.5279664821335688,3.747375076912363e-09,-6.487306225544387e-08
24,0.9,1,0.0429003992418933,0.04290039227347986,6.968413443497745e-09,-4.6662563901733733e-07
24,0.9,4,-0.2649804011570584,-0.26498040752577057,6.368712168747237e-09,-2.3485527722577615e-07
24,0.9,6,-0.49985422090153653,-0.49985422160878545,7.072489260906423e-10,-3.653676199366629e-07
256,0.2,1,0.08341953089287574,0.08341952405061148,6.842264255180197e-09,-4.4391288978040677e-07
256,0.2,4,0.05705635488897374,0.057056352069242505,2.8197312332278734e-09,3.65191207718496e-07
256,0.2,6,0.035757161975249384,0.03575715066677584,1.1308473546467468e-08,1.237493918448962e-08
256,0.7,1,0.20180067223624282,0.20180066517510267,7.06114014481507e-09,-9.036352244251589e-08
256,0.7,4,0.1726480770536409,0.1726480700778349,6.975806016162878e-09,-1.5011872589454356e-07
256,0.7,6,0.1500160974309195,0.15001609495664692,2.4742725923676545e-09,-6.99154911742994e-07
256,0.9,1,0.3169547182091221,0.316954713364163,4.8449591005805814e-09,-9.8659373071186e-07
256,0.9,4,0.2836586822441562,0.2836586747130208,7.531135381988463e-09,8.086832186116055e-07
256,0.9,6,0.2584250573763199,0.2584250512075579,6.1687620012129685e-09,8.959482666881513e-07
