tag,R0,eta,m,axis,reference_half,refined_half,single_half_difference,advance_difference,peak_difference
source_R192_eta0.2_cutplus2,192,0.2,1,source_tail,0.07907975988698279,0.07907975988733434,3.515521207475558e-13,0.0,5.1241677567759325e-11
source_R192_eta0.2_cutplus2,192,0.2,4,source_tail,0.04395031669442404,0.043950316695049896,6.258535356629125e-13,-2.7430141491535664e-13,1.6917578449238135e-11
source_R192_eta0.2_cutplus2,192,0.2,6,source_tail,0.015501651855100995,0.015501651855750817,6.49822209930484e-13,-2.982752933533561e-13,1.005562300093743e-11
spectral_R192_eta0.2_du000625,192,0.2,1,du000625,0.02057426467886952,0.020574264166056396,-5.128131252973844e-10,0.0,-4.128944186554406e-09
spectral_R192_eta0.2_du000625,192,0.2,4,du000625,-0.014548254712872969,-0.014548254816721598,-1.0384862934864625e-10,-4.089644942140147e-10,1.2480954048044168e-09
spectral_R192_eta0.2_du000625,192,0.2,6,du000625,-0.04301720207017046,-0.04301720217137873,-1.0120827093063056e-10,-4.1160486130564777e-10,2.4971869017065274e-10
spectral_R24_eta0.7_ny801,24,0.7,1,ny801,-0.003333216342442831,-0.003333217279295808,-9.368529771403011e-10,0.0,-4.3074959155120496e-09
spectral_R24_eta0.7_ny801,24,0.7,4,ny801,-0.2952838246018388,-0.2952838246895545,-8.771572357346713e-11,-8.491372605057279e-10,-1.9592616418151465e-09
spectral_R24_eta0.7_ny801,24,0.7,6,ny801,-0.5288618341417481,-0.5288618338648883,2.768598683644541e-10,-1.2137127969324979e-09,-1.2489111966829114e-09
source_R24_eta0.7_cutplus2,24,0.7,1,source_tail,-0.002428400911926778,-0.002428400914664071,-2.737293031129795e-12,0.0,3.161693129527521e-10
source_R24_eta0.7_cutplus2,24,0.7,4,source_tail,-0.29439780671508853,-0.294397806764667,-4.957845245456838e-11,4.6841142076203823e-11,3.7090296389763466e-09
source_R24_eta0.7_cutplus2,24,0.7,6,source_tail,-0.5279664821335688,-0.527966482061079,7.248979194685035e-11,-7.522715783636613e-11,-4.970352018851543e-09
source_R192_eta0.2_cutplus4,192,0.2,1,source_tail,0.07907975988698279,0.0790797598866721,-3.1069591344135006e-13,0.0,6.096700921887077e-11
source_R192_eta0.2_cutplus4,192,0.2,4,source_tail,0.04395031669442404,0.0439503166945042,8.01581023779363e-14,-3.9085401581928636e-13,3.783340307705885e-11
source_R192_eta0.2_cutplus4,192,0.2,6,source_tail,0.015501651855100995,0.015501651855856835,7.558398351648066e-13,-1.0665357486061566e-12,-4.487077376325033e-12
spectral_R24_eta0.7_ny201,24,0.7,1,ny201,-0.003333216342442831,-0.0033332016704690215,1.467197380949914e-08,0.0,6.25529714692874e-08
spectral_R24_eta0.7_ny201,24,0.7,4,ny201,-0.2952838246018388,-0.2952838224733565,2.1284822793177227e-09,1.2543491523242523e-08,2.9191466244249398e-08
spectral_R24_eta0.7_ny201,24,0.7,6,ny201,-0.5288618341417481,-0.528861838248841,-4.1070928880060364e-09,1.8779066746077433e-08,2.250107089540876e-08
spectral_R192_eta0.2_nlog2M,192,0.2,1,nlog2M,0.02057426467886952,0.020574263745357868,-9.335116533948362e-10,0.0,4.811227527490303e-09
spectral_R192_eta0.2_nlog2M,192,0.2,4,nlog2M,-0.014548254712872969,-0.014548257435187265,-2.7223142958637814e-09,1.7888026407342217e-09,6.46610565091521e-09
spectral_R192_eta0.2_nlog2M,192,0.2,6,nlog2M,-0.04301720207017046,-0.04301720530936626,-3.2391958004751586e-09,2.3056841436108755e-09,-7.843250537931112e-08
spectral_R192_eta0.2_du00015625,192,0.2,1,du00015625,0.02057426467886952,0.020574264732307945,5.343842382488084e-11,0.0,-6.924452122802904e-10
spectral_R192_eta0.2_du00015625,192,0.2,4,du00015625,-0.014548254712872969,-0.014548254750060385,-3.718741634073375e-11,9.062584016561459e-11,4.99311481050313e-10
spectral_R192_eta0.2_du00015625,192,0.2,6,du00015625,-0.04301720207017046,-0.043017202091666595,-2.149613820279228e-11,7.493455855822617e-11,-1.0088341273473134e-10
spectral_R256_eta0.9_nlog8M,256,0.9,1,nlog8M,0.21326141429841017,0.21326141371331836,-5.850918083361023e-10,0.0,-3.8387006906503984e-09
spectral_R256_eta0.9_nlog8M,256,0.9,4,nlog8M,0.18020973722628986,0.18020973615624541,-1.0700444419420307e-09,4.849526336059284e-10,-3.7028087263024645e-09
spectral_R256_eta0.9_nlog8M,256,0.9,6,nlog8M,0.15514214449741015,0.15514214347095862,-1.026451534880124e-09,4.4135972654402167e-10,-3.4161151685196955e-09
source_R24_eta0.7_cutplus4,24,0.7,1,source_tail,-0.002428400911926778,-0.0024284009177615064,-5.834728533660183e-12,0.0,1.442390651362757e-10
source_R24_eta0.7_cutplus4,24,0.7,4,source_tail,-0.29439780671508853,-0.2943978067666808,-5.159228599893595e-11,4.575750889301844e-11,3.51282747335091e-09
source_R24_eta0.7_cutplus4,24,0.7,6,source_tail,-0.5279664821335688,-0.5279664820529029,8.066591838939985e-11,-8.650069549531736e-11,-4.9098395349389534e-09
spectral_R192_eta0.2_ny801,192,0.2,1,ny801,0.02057426467886952,0.020574264649962704,-2.8906817911567018e-11,0.0,-3.490284727902804e-10
spectral_R192_eta0.2_ny801,192,0.2,4,ny801,-0.014548254712872969,-0.014548254699740323,1.3132646012325999e-11,-4.203946218916954e-11,-2.2603829918921292e-10
spectral_R192_eta0.2_ny801,192,0.2,6,ny801,-0.04301720207017046,-0.043017202031715725,3.845473245389641e-11,-6.736156077380429e-11,-1.2959566753067975e-10
spectral_R192_eta0.2_nlog8M,192,0.2,1,nlog8M,0.02057426467886952,0.020574264809210045,1.3034052309679467e-10,0.0,-4.972586786777811e-10
spectral_R192_eta0.2_nlog8M,192,0.2,4,nlog8M,-0.014548254712872969,-0.014548254595880735,1.1699223360917e-10,1.33482877529012e-11,1.0654699345025165e-10
spectral_R192_eta0.2_nlog8M,192,0.2,6,nlog8M,-0.04301720207017046,-0.04301720157545413,4.947163304014346e-10,-3.643758073046399e-10,1.4671919235098585e-10
source_R256_eta1_cutplus2,256,1.0,1,source_tail,0.4033284617639712,0.40332846171998105,-4.399014486011765e-11,0.0,-1.0017910945236963e-09
source_R256_eta1_cutplus2,256,1.0,4,source_tail,0.3641750814045437,0.36417508142071703,1.6173340444680662e-11,-6.016348530479831e-11,9.543335011130694e-10
source_R256_eta1_cutplus2,256,1.0,6,source_tail,0.3356468604267264,0.3356468603681881,-5.853834084135201e-11,1.4548195981234358e-11,5.212814402355548e-09
source_R256_eta0.9_cutplus2,256,0.9,1,source_tail,0.316954713364163,0.3169547133798118,1.5648815576696506e-11,0.0,-2.0517476606585205e-10
source_R256_eta0.9_cutplus2,256,0.9,4,source_tail,0.2836586747130208,0.2836586746734704,-3.955041849579288e-11,5.519923407248939e-11,-4.2121284238305634e-10
source_R256_eta0.9_cutplus2,256,0.9,6,source_tail,0.2584250512075579,0.2584250512028798,-4.678091247711791e-12,2.0326906824408297e-11,-1.1258389776003241e-09
source_R256_eta1_cutplus4,256,1.0,1,source_tail,0.4033284617639712,0.40332846172024706,-4.3724135423417465e-11,0.0,-9.677305623512211e-10
source_R256_eta1_cutplus4,256,1.0,4,source_tail,0.3641750814045437,0.36417508141937965,1.4835965789217198e-11,-5.856010121263466e-11,9.442153725558455e-10
source_R256_eta1_cutplus4,256,1.0,6,source_tail,0.3356468604267264,0.3356468603593304,-6.73960331987189e-11,2.367189777530143e-11,5.835140814980377e-09
spectral_R192_eta0.2_ny201,192,0.2,1,ny201,0.02057426467886952,0.020574265279912796,6.010432741787586e-10,0.0,5.254194634929377e-09
spectral_R192_eta0.2_ny201,192,0.2,4,ny201,-0.014548254712872969,-0.014548254449879656,2.629933128911466e-10,3.380499630223355e-10,3.231991563268366e-09
spectral_R192_eta0.2_ny201,192,0.2,6,ny201,-0.04301720207017046,-0.04301720241308837,-3.42917916285046e-10,9.439611869943576e-10,3.1181164317217736e-09
spectral_R256_eta0.9_dt00125,256,0.9,1,dt00125,0.21326141429841017,0.21326142260696895,8.308558785419251e-09,0.0,-9.172513217858835e-07
spectral_R256_eta0.9_dt00125,256,0.9,4,dt00125,0.18020973722628986,0.1802097402097036,2.983413738277818e-09,5.325145047141433e-09,8.272241061035857e-07
spectral_R256_eta0.9_dt00125,256,0.9,6,dt00125,0.15514214449741015,0.1551421466290222,2.1316120535352923e-09,6.176946731883959e-09,5.999363175135386e-07
source_R256_eta0.9_cutplus4,256,0.9,1,source_tail,0.316954713364163,0.31695471338006026,1.5897283489607617e-11,0.0,-1.1515499664938034e-10
source_R256_eta0.9_cutplus4,256,0.9,4,source_tail,0.2836586747130208,0.28365867468223854,-3.0782265625362015e-11,4.667954911496963e-11,-4.311158097181078e-10
source_R256_eta0.9_cutplus4,256,0.9,6,source_tail,0.2584250512075579,0.25842505120057907,-6.978806421642503e-12,2.287608991125012e-11,-1.1430865143324809e-09
