tag,kind,R0,eta,kw,P,m,boundary,status,tau_half,tau_peak,advance,root_jumps,missing_planes,phase_bound,A_analytic,prediction,error
P_generalization_R192_eta0.35,P_generalization,192.0,0.35,794.3344256864206,2.0,1.0,scaled_1,defined,0.0817563864467697,1.040486943307527,0.00834086090924209,0.0,0.0,3.140796325942864e-16,1.6788963020421637,0.008744251573136269,0.0004033906638941792
P_generalization_R192_eta0.35,P_generalization,192.0,0.35,794.3344256864206,2.0,2.0,scaled_1,defined,0.0900972473560118,1.049362447213181,0.0,0.0,0.0,3.140796325942864e-16,0.0,0.0,0.0
P_generalization_R192_eta0.35,P_generalization,192.0,0.35,794.3344256864206,2.0,3.0,scaled_1,defined,0.07787508334811467,1.042555822677945,0.012222164007897121,0.0,0.0,3.140796325942864e-16,2.320122777748229,0.012083972800772025,-0.0001381912071250959
P_generalization_R192_eta0.35,P_generalization,192.0,0.35,794.3344256864206,2.0,4.0,scaled_1,defined,0.06467439878100402,1.0347505581885954,0.025422848575007775,0.0,0.0,3.140796325942864e-16,4.843304406634613,0.025225543784555274,-0.0001973047904525009
P_generalization_R192_eta0.35,P_generalization,192.0,0.35,794.3344256864206,2.0,6.0,scaled_1,defined,0.03582141589270161,1.0168848473069774,0.054275831463310185,0.0,0.0,3.140796325942864e-16,10.39754663386802,0.0541538887180626,-0.00012194274524758575
P_generalization_R192_eta0.35,P_generalization,192.0,0.35,794.3344256864206,3.0,1.0,scaled_1,defined,0.06985050890348643,1.0318185253294851,0.01962485569211414,0.0,0.0,3.140796325942864e-16,3.913190622838196,0.020381201160615602,0.0007563454685014619
P_generalization_R192_eta0.35,P_generalization,192.0,0.35,794.3344256864206,3.0,2.0,scaled_1,defined,0.07787508334811467,1.042555822677945,0.011600281247485897,0.0,0.0,3.140796325942864e-16,2.2119514488280125,0.011520580462645898,-7.97007848399988e-05
P_generalization_R192_eta0.35,P_generalization,192.0,0.35,794.3344256864206,3.0,3.0,scaled_1,defined,0.08947536459560057,1.04967756792787,0.0,0.0,0.0,3.140796325942864e-16,0.0,0.0,0.0
P_generalization_R192_eta0.35,P_generalization,192.0,0.35,794.3344256864206,3.0,4.0,scaled_1,defined,0.07610200226428675,1.0436343607684628,0.013373362331313823,0.0,0.0,3.140796325942864e-16,2.5099718593554208,0.013072770100809483,-0.00030059223050434014
P_generalization_R192_eta0.35,P_generalization,192.0,0.35,794.3344256864206,3.0,5.0,scaled_1,defined,0.06164351375435917,1.036832405730709,0.0278318508412414,0.0,0.0,3.140796325942864e-16,5.226983593589554,0.02722387288327893,-0.0006079779579624724
P_generalization_R192_eta0.35,P_generalization,192.0,0.35,794.3344256864206,3.0,7.0,scaled_1,defined,0.030363937116265328,1.021266815252097,0.059111427479335246,0.0,0.0,3.140796325942864e-16,11.115110944688842,0.057891202836921056,-0.0012202246424141902
P_generalization_R192_eta0.7,P_generalization,192.0,0.7,794.3344256864206,2.0,1.0,scaled_1,defined,0.17763898115510268,1.217109103287312,0.011491404073119355,0.0,0.0,2.950379154612406e-18,2.483417456461297,0.012934465919069256,0.001443061845949901
P_generalization_R192_eta0.7,P_generalization,192.0,0.7,794.3344256864206,2.0,2.0,scaled_1,defined,0.18913038522822204,1.2325145578740133,0.0,0.0,0.0,2.950379154612406e-18,0.0,0.0,0.0
P_generalization_R192_eta0.7,P_generalization,192.0,0.7,794.3344256864206,2.0,3.0,scaled_1,defined,0.17729263042306007,1.226681992726468,0.01183775480516197,0.0,0.0,2.950379154612406e-18,2.1630333373870343,0.011265798632224136,-0.0005719561729378344
P_generalization_R192_eta0.7,P_generalization,192.0,0.7,794.3344256864206,2.0,4.0,scaled_1,defined,0.16422300387198996,1.2192197128736446,0.024907381356232078,0.0,0.0,2.950379154612406e-18,4.615954860330838,0.024041431564223115,-0.0008659497920089632
P_generalization_R192_eta0.7,P_generalization,192.0,0.7,794.3344256864206,2.0,6.0,scaled_1,defined,0.13534216581921937,1.201136243331368,0.05378821940900266,0.0,0.0,2.950379154612406e-18,10.204615484571354,0.05314903898214247,-0.0006391804268601961
P_generalization_R192_eta0.7,P_generalization,192.0,0.7,794.3344256864206,3.0,1.0,scaled_1,defined,0.16468352206093587,1.206292866651698,0.02439927021635266,0.0,0.0,2.950379154612406e-18,5.180042249080684,0.026979386713961898,0.002580116497609239
P_generalization_R192_eta0.7,P_generalization,192.0,0.7,794.3344256864206,3.0,2.0,scaled_1,defined,0.17729263042306007,1.226681992726468,0.01179016185422846,0.0,0.0,2.950379154612406e-18,2.199450632666945,0.011455472045140339,-0.0003346898090881203
P_generalization_R192_eta0.7,P_generalization,192.0,0.7,794.3344256864206,3.0,3.0,scaled_1,defined,0.18908279227728853,1.2340656381105886,0.0,0.0,0.0,2.950379154612406e-18,0.0,0.0,0.0
P_generalization_R192_eta0.7,P_generalization,192.0,0.7,794.3344256864206,3.0,4.0,scaled_1,defined,0.17726956504591448,1.2315596181404072,0.01181322723137404,0.0,0.0,2.950379154612406e-18,2.0422019501986277,0.010636468490617853,-0.0011767587407561873
P_generalization_R192_eta0.7,P_generalization,192.0,0.7,794.3344256864206,3.0,5.0,scaled_1,defined,0.1643037335480374,1.2281135207536709,0.024779058729251124,0.0,0.0,2.950379154612406e-18,4.30569958580435,0.02242551867606432,-0.0023535400531868034
P_generalization_R192_eta0.7,P_generalization,192.0,0.7,794.3344256864206,3.0,7.0,scaled_1,defined,0.13568174156054366,1.218422995304702,0.05340105071674486,0.0,0.0,2.950379154612406e-18,9.383988665364985,0.04887494096544263,-0.004526109751302236
P_generalization_R24_eta0.35,P_generalization,24.0,0.35,794.3344256864206,2.0,1.0,scaled_1,defined,-0.10196058972350563,0.9027120444006469,0.062043590004893394,0.0,0.0,5.988635392073653e-12,1.6788963020421637,0.06995401258509015,0.007910422580196759
P_generalization_R24_eta0.35,P_generalization,24.0,0.35,794.3344256864206,2.0,2.0,scaled_1,defined,-0.03991699971861224,0.9643711539576421,0.0,0.0,0.0,5.988635392073653e-12,0.0,0.0,0.0
P_generalization_R24_eta0.35,P_generalization,24.0,0.35,794.3344256864206,2.0,3.0,scaled_1,defined,-0.1403206294247327,0.9083408628056024,0.10040362970612046,0.0,0.0,5.988635392073653e-12,2.320122777748229,0.0966717824061762,-0.0037318472999442603
P_generalization_R24_eta0.35,P_generalization,24.0,0.35,794.3344256864206,2.0,4.0,scaled_1,defined,-0.25023630356923854,0.8428348409560769,0.2103193038506263,0.0,0.0,5.988635392073653e-12,4.843304406634613,0.2018043502764422,-0.008514953574184109
P_generalization_R24_eta0.35,P_generalization,24.0,0.35,794.3344256864206,2.0,6.0,scaled_1,defined,-0.4964989773635191,0.6818238692515217,0.4565819776449069,0.0,0.0,5.988635392073653e-12,10.39754663386802,0.4332311097445008,-0.02335086790040608
P_generalization_R24_eta0.35,P_generalization,24.0,0.35,794.3344256864206,3.0,1.0,scaled_1,defined,-0.19716575884956183,0.8371158181482972,0.15155541745651363,0.0,0.0,5.988635392073653e-12,3.913190622838196,0.16304960928492482,0.011494191828411188
P_generalization_R24_eta0.35,P_generalization,24.0,0.35,794.3344256864206,3.0,2.0,scaled_1,defined,-0.1403206294247327,0.9083408628056024,0.09471028803168449,0.0,0.0,5.988635392073653e-12,2.2119514488280125,0.09216464370116718,-0.0025456443305173077
P_generalization_R24_eta0.35,P_generalization,24.0,0.35,794.3344256864206,3.0,3.0,scaled_1,defined,-0.045610341393048204,0.9658569244248563,0.0,0.0,0.0,5.988635392073653e-12,0.0,0.0,0.0
P_generalization_R24_eta0.35,P_generalization,24.0,0.35,794.3344256864206,3.0,4.0,scaled_1,defined,-0.15718354440950777,0.9133910305132025,0.11157320301645957,0.0,0.0,5.988635392073653e-12,2.5099718593554208,0.10458216080647587,-0.0069910422099837
P_generalization_R24_eta0.35,P_generalization,24.0,0.35,794.3344256864206,3.0,5.0,scaled_1,defined,-0.2795642271898431,0.8525840933610075,0.23395388579679488,0.0,0.0,5.988635392073653e-12,5.226983593589554,0.21779098306623143,-0.01616290273056345
P_generalization_R24_eta0.35,P_generalization,24.0,0.35,794.3344256864206,3.0,7.0,scaled_1,defined,-0.5479186064765695,0.7022906591300474,0.5023082650835213,0.0,0.0,5.988635392073653e-12,11.115110944688842,0.46312962269536845,-0.039178642388152884
P_generalization_R24_eta0.7,P_generalization,24.0,0.7,794.3344256864206,2.0,1.0,scaled_1,defined,-0.0913919168710885,0.9958469313883115,0.0772360052139538,0.0,0.0,2.451620006109899e-14,2.483417456461297,0.10347572735255404,0.02623972213860025
P_generalization_R24_eta0.7,P_generalization,24.0,0.7,794.3344256864206,2.0,2.0,scaled_1,defined,-0.014155911657134708,1.0867938046006598,0.0,0.0,0.0,2.451620006109899e-14,0.0,0.0,0.0
P_generalization_R24_eta0.7,P_generalization,24.0,0.7,794.3344256864206,2.0,3.0,scaled_1,defined,-0.11522272567419845,1.0303755618426111,0.10106681401706374,0.0,0.0,2.451620006109899e-14,2.1630333373870343,0.09012638905779309,-0.010940424959270653
P_generalization_R24_eta0.7,P_generalization,24.0,0.7,794.3344256864206,2.0,4.0,scaled_1,defined,-0.22553959490677367,0.9642250118788908,0.21138368324963897,0.0,0.0,2.451620006109899e-14,4.615954860330838,0.19233145251378492,-0.019052230735854048
P_generalization_R24_eta0.7,P_generalization,24.0,0.7,794.3344256864206,2.0,6.0,scaled_1,defined,-0.4693177567886684,0.8104449392367576,0.4551618451315337,0.0,0.0,2.451620006109899e-14,10.204615484571354,0.42519231185713974,-0.029969533274393945
P_generalization_R24_eta0.7,P_generalization,24.0,0.7,794.3344256864206,3.0,1.0,scaled_1,defined,-0.18898512533691825,0.9247532006423734,0.1720280935151508,0.0,0.0,2.451620006109899e-14,5.180042249080684,0.21583509371169518,0.04380700019654438
P_generalization_R24_eta0.7,P_generalization,24.0,0.7,794.3344256864206,3.0,2.0,scaled_1,defined,-0.11522272567419845,1.0303755618426111,0.098265693852431,0.0,0.0,2.451620006109899e-14,2.199450632666945,0.09164377636112271,-0.006621917491308291
P_generalization_R24_eta0.7,P_generalization,24.0,0.7,794.3344256864206,3.0,3.0,scaled_1,defined,-0.016957031821767436,1.0943433499385313,0.0,0.0,0.0,2.451620006109899e-14,0.0,0.0,0.0
P_generalization_R24_eta0.7,P_generalization,24.0,0.7,794.3344256864206,3.0,4.0,scaled_1,defined,-0.12415506115871504,1.0530757165535,0.10719802933694761,0.0,0.0,2.451620006109899e-14,2.0422019501986277,0.08509174792494283,-0.022106281412004783
P_generalization_R24_eta0.7,P_generalization,24.0,0.7,794.3344256864206,3.0,5.0,scaled_1,defined,-0.2426281866813922,1.0036745217069913,0.22567115485962475,0.0,0.0,2.451620006109899e-14,4.30569958580435,0.17940414940851457,-0.04626700545111018
P_generalization_R24_eta0.7,P_generalization,24.0,0.7,794.3344256864206,3.0,7.0,scaled_1,defined,-0.5057927847521516,0.8803697362216797,0.48883575293038417,0.0,0.0,2.451620006109899e-14,9.383988665364985,0.390999527723541,-0.09783622520684315
P_generalization_R56_eta0.35,P_generalization,56.0,0.35,794.3344256864206,2.0,1.0,scaled_1,defined,0.009884056400231198,0.9855191343202374,0.027548725979038374,0.0,0.0,1.0074679634580747e-13,1.6788963020421637,0.02998029110789578,0.002431565128857404
P_generalization_R56_eta0.35,P_generalization,56.0,0.35,794.3344256864206,2.0,2.0,scaled_1,defined,0.03743278237926957,1.0140263282642337,0.0,0.0,0.0,1.0074679634580747e-13,0.0,0.0,0.0
P_generalization_R56_eta0.35,P_generalization,56.0,0.35,794.3344256864206,2.0,3.0,scaled_1,defined,-0.004887057131862545,0.9902809029095424,0.04231983951113212,0.0,0.0,1.0074679634580747e-13,2.320122777748229,0.041430763888361234,-0.0008890756227708865
P_generalization_R56_eta0.35,P_generalization,56.0,0.35,794.3344256864206,2.0,4.0,scaled_1,defined,-0.050691866817427184,0.9630760752831709,0.08812464919669676,0.0,0.0,1.0074679634580747e-13,4.843304406634613,0.0864875786899038,-0.0016370705067929592
P_generalization_R56_eta0.35,P_generalization,56.0,0.35,794.3344256864206,2.0,6.0,scaled_1,defined,-0.1515473412006413,0.899995752822985,0.1889801235799109,0.0,0.0,1.0074679634580747e-13,10.39754663386802,0.18567047560478606,-0.003309647975124841
P_generalization_R56_eta0.35,P_generalization,56.0,0.35,794.3344256864206,3.0,1.0,scaled_1,defined,-0.03056808560515411,0.9567725946630935,0.06572139929182838,0.0,0.0,1.0074679634580747e-13,3.913190622838196,0.0698784039792535,0.004157004687425123
P_generalization_R56_eta0.35,P_generalization,56.0,0.35,794.3344256864206,3.0,2.0,scaled_1,defined,-0.004887057131862545,0.9902809029095424,0.04004037081853681,0.0,0.0,1.0074679634580747e-13,2.2119514488280125,0.039499133014785935,-0.0005412378037508783
P_generalization_R56_eta0.35,P_generalization,56.0,0.35,794.3344256864206,3.0,3.0,scaled_1,defined,0.035153313686674265,1.0148783337424798,0.0,0.0,0.0,1.0074679634580747e-13,0.0,0.0,0.0
P_generalization_R56_eta0.35,P_generalization,56.0,0.35,794.3344256864206,3.0,4.0,scaled_1,defined,-0.011518563298711593,0.9931885650570639,0.04667187698538586,0.0,0.0,1.0074679634580747e-13,2.5099718593554208,0.04482092605991823,-0.0018509509254676301
P_generalization_R56_eta0.35,P_generalization,56.0,0.35,794.3344256864206,3.0,5.0,scaled_1,defined,-0.06219655808958531,0.9686772019175467,0.09734987177625957,0.0,0.0,1.0074679634580747e-13,5.226983593589554,0.09333899274267062,-0.00401087903358896
P_generalization_R56_eta0.35,P_generalization,56.0,0.35,794.3344256864206,3.0,7.0,scaled_1,defined,-0.17251424794669581,0.9118498432062392,0.20766756163337008,0.0,0.0,1.0074679634580747e-13,11.115110944688842,0.19848412401230076,-0.009183437621069324
P_generalization_R56_eta0.7,P_generalization,56.0,0.7,794.3344256864206,2.0,1.0,scaled_1,defined,0.0661572015410149,1.1224576812024663,0.036048072474820336,0.0,0.0,4.879600714021267e-16,2.483417456461297,0.044346740293951734,0.008298667819131397
P_generalization_R56_eta0.7,P_generalization,56.0,0.7,794.3344256864206,2.0,2.0,scaled_1,defined,0.10220527401583523,1.1680601942872209,0.0,0.0,0.0,4.879600714021267e-16,0.0,0.0,0.0
P_generalization_R56_eta0.7,P_generalization,56.0,0.7,794.3344256864206,2.0,3.0,scaled_1,defined,0.06036194475319788,1.1456473908811426,0.041843329262637355,0.0,0.0,4.879600714021267e-16,2.1630333373870343,0.038625595310482756,-0.0032177339521545986
P_generalization_R56_eta0.7,P_generalization,56.0,0.7,794.3344256864206,2.0,4.0,scaled_1,defined,0.014686854100715907,1.118571352731663,0.08751841991511933,0.0,0.0,4.879600714021267e-16,4.615954860330838,0.08242776536305067,-0.005090654552068655
P_generalization_R56_eta0.7,P_generalization,56.0,0.7,794.3344256864206,2.0,6.0,scaled_1,defined,-0.0853985745948107,1.0557373884296646,0.18760384861064594,0.0,0.0,4.879600714021267e-16,10.204615484571354,0.18222527651020276,-0.00537857210044318
P_generalization_R56_eta0.7,P_generalization,56.0,0.7,794.3344256864206,3.0,1.0,scaled_1,defined,0.023505787947926904,1.08904342618951,0.07800691008527705,0.0,0.0,4.879600714021267e-16,5.180042249080684,0.09250075444786936,0.014493844362592309
P_generalization_R56_eta0.7,P_generalization,56.0,0.7,794.3344256864206,3.0,2.0,scaled_1,defined,0.06036194475319788,1.1456473908811426,0.04115075328000607,0.0,0.0,4.879600714021267e-16,2.199450632666945,0.03927590415476688,-0.001874849125239192
P_generalization_R56_eta0.7,P_generalization,56.0,0.7,794.3344256864206,3.0,3.0,scaled_1,defined,0.10151269803320395,1.1722776193076543,0.0,0.0,0.0,4.879600714021267e-16,0.0,0.0,0.0
P_generalization_R56_eta0.7,P_generalization,56.0,0.7,794.3344256864206,3.0,4.0,scaled_1,defined,0.058400144959046836,1.1587274893129345,0.043112553074157116,0.0,0.0,4.879600714021267e-16,2.0422019501986277,0.036467891967832636,-0.00664466110632448
P_generalization_R56_eta0.7,P_generalization,56.0,0.7,794.3344256864206,3.0,5.0,scaled_1,defined,0.011145112095036705,1.142035741256447,0.09036758593816725,0.0,0.0,4.879600714021267e-16,4.30569958580435,0.0768874926036491,-0.013480093334518148
P_generalization_R56_eta0.7,P_generalization,56.0,0.7,794.3344256864206,3.0,7.0,scaled_1,defined,-0.09297212157962767,1.0998811868505227,0.19448481961283162,0.0,0.0,4.879600714021267e-16,9.383988665364985,0.16757122616723188,-0.026913593445599737
P_generalization_R96_eta0.35,P_generalization,96.0,0.35,794.3344256864206,2.0,1.0,scaled_1,defined,0.04981271850241555,1.0159416783752,0.01637322743223888,0.0,0.0,6.4612599092774646e-15,1.6788963020421637,0.017488503146272538,0.0011152757140336575
P_generalization_R96_eta0.35,P_generalization,96.0,0.35,794.3344256864206,2.0,2.0,scaled_1,defined,0.06618594593465443,1.0331408769144124,0.0,0.0,0.0,6.4612599092774646e-15,0.0,0.0,0.0
P_generalization_R96_eta0.35,P_generalization,96.0,0.35,794.3344256864206,2.0,3.0,scaled_1,defined,0.04163012445806524,1.0193949948034207,0.02455582147658919,0.0,0.0,6.4612599092774646e-15,2.320122777748229,0.02416794560154405,-0.00038787587504513985
P_generalization_R96_eta0.35,P_generalization,96.0,0.35,794.3344256864206,2.0,4.0,scaled_1,defined,0.015105104998955765,1.0036675987933612,0.05108084093569867,0.0,0.0,6.4612599092774646e-15,4.843304406634613,0.05045108756911055,-0.0006297533665881178
P_generalization_R96_eta0.35,P_generalization,96.0,0.35,794.3344256864206,2.0,6.0,scaled_1,defined,-0.043003702755788235,0.967576321824421,0.10918964869044268,0.0,0.0,6.4612599092774646e-15,10.39754663386802,0.1083077774361252,-0.0008818712543174761
P_generalization_R96_eta0.35,P_generalization,96.0,0.35,794.3344256864206,3.0,1.0,scaled_1,defined,0.026143170538111746,0.9989065866206496,0.038756173728266494,0.0,0.0,6.4612599092774646e-15,3.913190622838196,0.040762402321231204,0.002006228592964711
P_generalization_R96_eta0.35,P_generalization,96.0,0.35,794.3344256864206,3.0,2.0,scaled_1,defined,0.04163012445806524,1.0193949948034207,0.023269219808312994,0.0,0.0,6.4612599092774646e-15,2.2119514488280125,0.023041160925291796,-0.00022805888302119756
P_generalization_R96_eta0.35,P_generalization,96.0,0.35,794.3344256864206,3.0,3.0,scaled_1,defined,0.06489934426637824,1.033703098989554,0.0,0.0,0.0,6.4612599092774646e-15,0.0,0.0,0.0
P_generalization_R96_eta0.35,P_generalization,96.0,0.35,794.3344256864206,3.0,4.0,scaled_1,defined,0.037923263359698645,1.0213148122450975,0.026976080906679592,0.0,0.0,6.4612599092774646e-15,2.5099718593554208,0.026145540201618966,-0.0008305407050606256
P_generalization_R96_eta0.35,P_generalization,96.0,0.35,794.3344256864206,3.0,5.0,scaled_1,defined,0.008714105040403413,1.0073644677399058,0.05618523922597482,0.0,0.0,6.4612599092774646e-15,5.226983593589554,0.05444774576655786,-0.0017374934594169625
P_generalization_R96_eta0.35,P_generalization,96.0,0.35,794.3344256864206,3.0,7.0,scaled_1,defined,-0.0546351529411845,0.9753470696100615,0.11953449720756273,0.0,0.0,6.4612599092774646e-15,11.115110944688842,0.11578240567384211,-0.0037520915337206223
P_generalization_R96_eta0.7,P_generalization,96.0,0.7,794.3344256864206,2.0,1.0,scaled_1,defined,0.12645283379784966,1.1731401173518436,0.021978448987584387,0.0,0.0,5.20108473851437e-17,2.483417456461297,0.02586893183813851,0.0038904828505541243
P_generalization_R96_eta0.7,P_generalization,96.0,0.7,794.3344256864206,2.0,2.0,scaled_1,defined,0.14843128278543405,1.2017913211686186,0.0,0.0,0.0,5.20108473851437e-17,0.0,0.0,0.0
P_generalization_R96_eta0.7,P_generalization,96.0,0.7,794.3344256864206,2.0,3.0,scaled_1,defined,0.12438613731192984,1.1893637666538357,0.024045145473504212,0.0,0.0,5.20108473851437e-17,2.1630333373870343,0.022531597264448273,-0.0015135482090559392
P_generalization_R96_eta0.7,P_generalization,96.0,0.7,794.3344256864206,2.0,4.0,scaled_1,defined,0.09801857705068054,1.1739644891984742,0.05041270573475351,0.0,0.0,5.20108473851437e-17,4.615954860330838,0.04808286312844623,-0.002329842606307281
P_generalization_R96_eta0.7,P_generalization,96.0,0.7,794.3344256864206,2.0,6.0,scaled_1,defined,0.04010183599299122,1.1375944749978577,0.10832944679244283,0.0,0.0,5.20108473851437e-17,10.204615484571354,0.10629807796428493,-0.002031368828157895
P_generalization_R96_eta0.7,P_generalization,96.0,0.7,794.3344256864206,3.0,1.0,scaled_1,defined,0.10110620966180113,1.1526268353069713,0.04707180629997958,0.0,0.0,5.20108473851437e-17,5.180042249080684,0.053958773427923795,0.0068869671279442185
P_generalization_R96_eta0.7,P_generalization,96.0,0.7,794.3344256864206,3.0,2.0,scaled_1,defined,0.12438613731192984,1.1893637666538357,0.02379187864985087,0.0,0.0,5.20108473851437e-17,2.199450632666945,0.022910944090280678,-0.0008809345595701921
P_generalization_R96_eta0.7,P_generalization,96.0,0.7,794.3344256864206,3.0,3.0,scaled_1,defined,0.1481780159617807,1.2045593337177984,0.0,0.0,0.0,5.20108473851437e-17,0.0,0.0,0.0
P_generalization_R96_eta0.7,P_generalization,96.0,0.7,794.3344256864206,3.0,4.0,scaled_1,defined,0.12378070628549404,1.1980172838104353,0.02439730967628667,0.0,0.0,5.20108473851437e-17,2.0422019501986277,0.021272936981235707,-0.003124372695050965
P_generalization_R96_eta0.7,P_generalization,96.0,0.7,794.3344256864206,3.0,5.0,scaled_1,defined,0.09704578588017161,1.1896240829905307,0.051132230081609095,0.0,0.0,5.20108473851437e-17,4.30569958580435,0.04485103735212864,-0.006281192729480453
P_generalization_R96_eta0.7,P_generalization,96.0,0.7,794.3344256864206,3.0,7.0,scaled_1,defined,0.03815975313689456,1.1675367083638772,0.11001826282488614,0.0,0.0,5.20108473851437e-17,9.383988665364985,0.09774988193088525,-0.012268380894000883
