R0,eta,partition_divisor,variant,m4_advance,change_from_full,component_field_L2
256,0.7,6,full,0.02915256189042173,0.0,1.0
256,0.7,6,inward,0.029162190919020697,9.629028598967526e-06,1.0000000940007017
256,0.7,6,without_outward,0.029151748027788082,-8.138626336473553e-07,
256,0.7,6,without_endpoint,0.029163006914459083,1.0445024037353257e-05,
256,0.7,6,without_high_u_remainder,0.02915255985765275,-2.0327689809196414e-09,
256,0.7,4,full,0.02915256189042173,0.0,1.0
256,0.7,4,inward,0.029140218106876337,-1.2343783545393228e-05,1.0000001076413148
256,0.7,4,without_outward,0.029152490215511778,-7.167490995163561e-08,
256,0.7,4,without_endpoint,0.02914029181495359,-1.2270075468140407e-05,
256,0.7,4,without_high_u_remainder,0.02915255985964857,-2.0307731607438484e-09,
256,0.7,3,full,0.02915256189042173,0.0,1.0
256,0.7,3,inward,0.029104594570577597,-4.796731984413327e-05,1.0000024194543906
256,0.7,3,without_outward,0.029152512754233778,-4.913618795177044e-08,
256,0.7,3,without_endpoint,0.02910464528724252,-4.791660317920998e-05,
256,0.7,3,without_high_u_remainder,0.029152560431096375,-1.4593253550021501e-09,
24,0.7,6,full,0.2919691549017527,0.0,1.0
24,0.7,6,inward,0.27505753886833156,-0.016911616033421117,1.0006172103616282
24,0.7,6,without_outward,0.2914875915026534,-0.0004815633990992718,
24,0.7,6,without_endpoint,0.27556340713286165,-0.016405747768891032,
24,0.7,6,without_high_u_remainder,0.29196915127478196,-3.6269707237579496e-09,
24,0.7,4,full,0.2919691549017527,0.0,1.0
24,0.7,4,inward,0.2679675657197042,-0.024001589182048477,1.0025524073509289
24,0.7,4,without_outward,0.2918395954403389,-0.00012955946141379737,
24,0.7,4,without_endpoint,0.2680911308921913,-0.023878024009561405,
24,0.7,4,without_high_u_remainder,0.2919691538982367,-1.0035159925259052e-09,
24,0.7,3,full,0.2919691549017527,0.0,1.0
24,0.7,3,inward,0.3051878161853141,0.013218661283561417,1.0027174223367914
24,0.7,3,without_outward,0.29193451593293224,-3.463896882044404e-05,
24,0.7,3,without_endpoint,0.30521447127282053,0.01324531637106785,
24,0.7,3,without_high_u_remainder,0.29196915488742703,-1.4325651775948245e-11,
96,0.7,6,full,0.07550776209351656,0.0,1.0
96,0.7,6,inward,0.07541079729344732,-9.696480006923802e-05,0.9999988504558682
96,0.7,6,without_outward,0.07549508946034816,-1.2672633168397951e-05,
96,0.7,6,without_endpoint,0.07542346396382041,-8.429812969615313e-05,
96,0.7,6,without_high_u_remainder,0.07550776431655565,2.2230390861466276e-09,
96,0.7,4,full,0.07550776209351656,0.0,1.0
96,0.7,4,inward,0.07555010696239847,4.234486888191058e-05,0.9999933446950579
96,0.7,4,without_outward,0.07550699974511413,-7.623484024332772e-07,
96,0.7,4,without_endpoint,0.07555086546273057,4.310336921400926e-05,
96,0.7,4,without_high_u_remainder,0.0755077640356984,1.942181832026435e-09,
96,0.7,3,full,0.07550776209351656,0.0,1.0
96,0.7,3,inward,0.07469542379475036,-0.000812338298766202,1.0001866590864334
96,0.7,3,without_outward,0.0755063977808886,-1.364312627955e-06,
96,0.7,3,without_endpoint,0.07469678470775254,-0.0008109773857640223,
96,0.7,3,without_high_u_remainder,0.07550776272000431,6.264877505657296e-10,
