R0,eta,m,kw,fullplane_longitudinal_fraction,retained_transverse_power_relative_input,retained_fullplane_S3_relative_input,max_sampled_ROI_longitudinal_fraction,max_sampled_flux_correction
192,0.2,1,200,0.0011331208025712688,0.9999999995552539,2.0321382062273788e-10,0.004834535374481504,0.0024038178943492916
192,0.2,4,200,0.001133120807926957,0.999999999344194,-5.366535895417617e-15,0.00485667032281978,0.0024198022139965136
192,0.2,6,200,0.001133120814832476,0.9999999993441938,5.419719411577643e-15,0.004884567766242267,0.0024308501645895486
192,0.2,1,800,7.068178347940633e-05,0.9999999995552539,2.0321382062273788e-10,0.00029689140520028535,0.00014838971167763226
192,0.2,4,800,7.068178351065217e-05,0.999999999344194,-5.366535895417617e-15,0.0002969081165088004,0.00014937686612115364
192,0.2,6,800,7.068178353757794e-05,0.9999999993441938,5.419719411577643e-15,0.0002988237510770883,0.0001501056692467806
192,0.2,1,1600,1.7668726202494763e-05,0.9999999995552539,2.0321382062273788e-10,7.415400131741625e-05,3.70753231018206e-05
192,0.2,4,1600,1.7668726206520148e-05,0.999999999344194,-5.366535895417617e-15,7.415313288845592e-05,3.7316184431812616e-05
192,0.2,6,1600,1.7668726208203216e-05,0.9999999993441938,5.419719411577643e-15,7.462914960726823e-05,3.750615381292732e-05
24,0.7,1,200,0.00010980642628072102,1.0000000000205427,2.0556099890807314e-11,0.000524866559185022,0.0002630092909532422
24,0.7,4,200,0.00010980646271135386,0.9999999999999852,-2.099538346892951e-17,0.0005210821051595991,0.00027692297879888805
24,0.7,6,200,0.00010980651128256532,0.9999999999999852,-5.679108584816521e-17,0.0005399980305000585,0.00028531470207315834
24,0.7,1,800,6.861576433253302e-06,1.0000000000205427,2.0556099890807314e-11,3.274401599515134e-05,1.6421862337301363e-05
24,0.7,4,800,6.861576575663146e-06,0.9999999999999852,-2.099538346892951e-17,3.249657229486534e-05,1.7290521586277308e-05
24,0.7,6,800,6.861576765354825e-06,0.9999999999999852,-5.679108584816521e-17,3.368275738141711e-05,1.781539231804352e-05
24,0.7,1,1600,1.715377551443993e-06,1.0000000000205427,2.0556099890807314e-11,8.185253561437904e-06,4.1052601058577665e-06
24,0.7,4,1600,1.7153775603709693e-06,0.9999999999999852,-2.099538346892951e-17,8.123255875514966e-06,4.322413027280092e-06
24,0.7,6,1600,1.7153775722265744e-06,0.9999999999999852,-5.679108584816521e-17,8.4198479613043e-06,4.453635486845187e-06
256,0.9,1,200,0.00023724879850290693,1.0000000010809995,1.0859562198968892e-09,0.005723932314099147,0.0030300315980349435
256,0.9,4,200,0.0002372487998804696,0.999999999993901,-1.7737330479065276e-15,0.0057545681970437405,0.0030407404010766026
256,0.9,6,200,0.00023724880137358535,0.9999999999939047,-1.827080383444156e-15,0.005772464740069822,0.0030464558314462487
256,0.9,1,800,1.4821490915105654e-05,1.0000000010809995,1.0859562198968892e-09,0.00037015934021727547,0.0001904518422835011
256,0.9,4,800,1.482149093558111e-05,0.999999999993901,-1.7737330479065276e-15,0.0003687781341707717,0.00019095974194938137
256,0.9,6,800,1.4821490941409268e-05,0.9999999999939047,-1.827080383444156e-15,0.00036822772764814334,0.00019124627927125104
256,0.9,1,1600,3.705290836294031e-06,1.0000000010809995,1.0859562198968892e-09,9.254817617648797e-05,4.758545651761814e-05
256,0.9,4,1600,3.7052908405932514e-06,0.999999999993901,-1.7737330479065276e-15,9.215806168475498e-05,4.77109910115292e-05
256,0.9,6,1600,3.7052908409574896e-06,0.9999999999939047,-1.827080383444156e-15,9.19984826909612e-05,4.778201363886403e-05
