R0,eta,m,original_half,revised_half,single_event_correction,original_advance,revised_advance,advance_correction
24,0.35,1,-0.018576576153358303,-0.018576705004113146,-1.288507548435902e-07,0.0,0.0,0.0
24,0.35,2,-0.10196081965050989,-0.10196058968151105,2.299689988438658e-07,0.0833842434971516,0.08338388467739791,-3.58819753687456e-07
24,0.35,3,-0.19716599460495823,-0.197165758698141,2.3590681721974427e-07,0.17858941845159992,0.17858905369402786,-3.647575720633345e-07
32,0.35,1,0.007796294226098419,0.007796936574384763,6.423482863436927e-07,0.0,0.0,0.0
32,0.35,2,-0.05485045258784733,-0.05485055816634654,-1.0557849921405404e-07,0.06264674681394575,0.06264749474073131,7.479267855603489e-07
32,0.35,3,-0.12580928899086688,-0.1258091630779865,1.2591288037211434e-07,0.1336055832169653,0.13360609965237127,5.164354059672416e-07
40,0.35,1,0.024808407897070166,0.02480903950915246,6.316120822955074e-07,0.0,0.0,0.0
40,0.35,2,-0.02541381370365136,-0.025413477348466367,3.3635518499261496e-07,0.050222221600721526,0.05022251685761883,2.9525689730636184e-07
40,0.35,3,-0.08206406873438866,-0.08206409410229609,-2.5367907427464864e-08,0.10687247663145882,0.10687313361144855,6.569799897299111e-07
56,0.35,1,0.04588632995209859,0.04588613638140715,-1.9357069144104733e-07,0.0,0.0,0.0
56,0.35,2,0.00988415030366103,0.009884056388916915,-9.3914744115145e-08,0.03600217964843756,0.036002079992490235,-9.965594732763705e-08
56,0.35,3,-0.030568269691402732,-0.030568085573025927,1.8411837680518128e-07,0.07645459964350132,0.07645422195443308,-3.7768906824275916e-07
72,0.35,1,0.05870943076420276,0.05870969976493154,2.69000728782276e-07,0.0,0.0,0.0
72,0.35,2,0.030631232845676367,0.03063196046596995,7.276202935828369e-07,0.02807819791852639,0.02807773929896159,-4.586195648005609e-07
72,0.35,3,-0.000863722611397626,-0.0008648110592471663,-1.0884478495402222e-06,0.05957315337560038,0.05957451082417871,1.3574485783277024e-06
96,0.35,1,0.0709323463518659,0.0709334610758196,1.1147239536990483e-06,0.0,0.0,0.0
96,0.35,2,0.04981240018807253,0.04981271848778024,3.182997077091909e-07,0.021119946163793375,0.021120742588039365,7.964242459898574e-07
96,0.35,3,0.02614327825326932,0.026143170533026037,-1.0772024328434271e-07,0.044789068098596584,0.04479029054279357,1.2224441969868605e-06
24,0.7,1,-0.0024250996892531164,-0.002428400911926778,-3.3012226736614525e-06,0.0,0.0,0.0
24,0.7,2,-0.09138672985977281,-0.09139191692619564,-5.1870664228292895e-06,0.0889616301705197,0.08896351601426886,1.8858437491608981e-06
24,0.7,3,-0.18898316388096117,-0.1889851253296767,-1.9614487155317217e-06,0.18655806419170806,0.18655672441774993,-1.3397739581366697e-06
32,0.7,1,0.040730070695510025,0.04073532287365689,5.252178146862574e-06,0.0,0.0,0.0
32,0.7,2,-0.026485938961358133,-0.026486971442742938,-1.0324813848050507e-06,0.06721600965686816,0.06722229431639982,6.284659531660686e-06
32,0.7,3,-0.09994598092125162,-0.09993693881781554,9.042103436079918e-06,0.14067605161676164,0.14067226169147243,-3.789925289210405e-06
40,0.7,1,0.06916639585484885,0.06916839790098817,2.0020461393155387e-06,0.0,0.0,0.0
40,0.7,2,0.015035578072534864,0.015037514324509262,1.9362519743972018e-06,0.05413081778231399,0.054130883576478904,6.579416491486745e-08
40,0.7,3,-0.04404566812198005,-0.04404622765836064,-5.595363805899201e-07,0.1132120639768289,0.1132146255593488,2.5615825199054587e-06
56,0.7,1,0.10521239635897373,0.10521342828717646,1.0319282027354548e-06,0.0,0.0,0.0
56,0.7,2,0.06614270840505646,0.06615720145894433,1.44930538878707e-05,0.03906968795391727,0.039056226828232135,-1.3461125685135245e-05
56,0.7,3,0.0234960042676683,0.023505787852497018,9.783584828716024e-06,0.08171639209130542,0.08170764043467944,-8.7516566259771e-06
72,0.7,1,0.1276868116614813,0.1276879052354231,1.0935739417905488e-06,0.0,0.0,0.0
72,0.7,2,0.09709352229785616,0.09708984300233459,-3.679295521571979e-06,0.03059328936362514,0.030598062233088502,4.772869463362528e-06
72,0.7,3,0.06362407850287215,0.0636286602427929,4.5817399207531695e-06,0.06406273315860915,0.06405924499263019,-3.4881659789626207e-06
96,0.7,1,0.14957596696787315,0.1495800990916436,4.132123770456131e-06,0.0,0.0,0.0
96,0.7,2,0.12645851422277674,0.1264528337148335,-5.6805079432231675e-06,0.023117452745096412,0.02312726537681009,9.812631713679298e-06
96,0.7,3,0.10111918989811698,0.10110620954829663,-1.2980349820349013e-05,0.048456777069756166,0.04847388954334697,1.7112473590805144e-05
