tag,m,status,half,advance
R96_eta0.7_common_half_shift_d0,1,defined,0.13499445338893726,0.0
R96_eta0.7_common_half_shift_d0,2,defined,0.11189542507733785,0.023099028311599407
R96_eta0.7_common_half_shift_d0,4,defined,0.0595656396839373,0.07542881370499996
R24_eta0.35_opposite_half_shifts_d0.1,1,defined,-0.020162526670875147,0.0
R24_eta0.35_opposite_half_shifts_d0.1,2,defined,-0.10368731609656871,0.08352478942569357
R24_eta0.35_opposite_half_shifts_d0.1,4,defined,-0.3055224988729499,0.28535997220207476
R96_eta0.7_opposite_half_shifts_d0.01,1,defined,0.1350063211094125,0.0
R96_eta0.7_opposite_half_shifts_d0.01,2,defined,0.11191506126817953,0.02309125984123296
R96_eta0.7_opposite_half_shifts_d0.01,4,defined,0.05958911695562924,0.07541720415378325
R96_eta0.35_common_half_shift_d0.1,1,defined,0.056123292715281124,0.0
R96_eta0.35_common_half_shift_d0.1,2,defined,0.035082944857281584,0.02104034785799954
R96_eta0.35_common_half_shift_d0.1,4,defined,-0.014643812518559729,0.07076710523384086
R24_eta0.7_common_half_shift_d0,1,defined,-0.003333217165265332,0.0
R24_eta0.7_common_half_shift_d0,2,defined,-0.09228654767865174,0.08895333051338641
R24_eta0.7_common_half_shift_d0,4,defined,-0.2952838245024668,0.29195060733720146
R96_eta0.35_common_half_shift_d0.01,1,defined,0.056304012128023384,0.0
R96_eta0.35_common_half_shift_d0.01,2,defined,0.035194169684884515,0.02110984244313887
R96_eta0.35_common_half_shift_d0.01,4,defined,-0.0142140211843369,0.07051803331236028
R96_eta0.35_plus_channel_only_d0.1,1,defined,0.05075501392691559,0.0
R96_eta0.35_plus_channel_only_d0.1,2,defined,0.030515112113733017,0.02023990181318257
R96_eta0.35_plus_channel_only_d0.1,4,defined,-0.01993022586524984,0.07068523979216543
R96_eta0.35_opposite_half_shifts_d0.01,1,defined,0.056304012128023384,0.0
R96_eta0.35_opposite_half_shifts_d0.01,2,defined,0.035194169684884515,0.02110984244313887
R96_eta0.35_opposite_half_shifts_d0.01,4,defined,-0.0142140211843369,0.07051803331236028
R96_eta0.7_common_half_shift_d0.01,1,defined,0.1350063211094125,0.0
R96_eta0.7_common_half_shift_d0.01,2,defined,0.1119150612681795,0.02309125984123299
R96_eta0.7_common_half_shift_d0.01,4,defined,0.05958911695562924,0.07541720415378325
R96_eta0.7_opposite_half_shifts_d0.1,1,defined,0.13619867962140927,0.0
R96_eta0.7_opposite_half_shifts_d0.1,2,defined,0.11383782382320351,0.022360855798205764
R96_eta0.7_opposite_half_shifts_d0.1,4,defined,0.06188321520888024,0.07431546441252904
R96_eta0.7_plus_channel_only_d0.01,1,defined,0.1349569584743049,0.0
R96_eta0.7_plus_channel_only_d0.01,2,defined,0.11190370238776216,0.023053256086542726
R96_eta0.7_plus_channel_only_d0.01,4,defined,0.05960655763967454,0.07535040083463035
R24_eta0.7_opposite_half_shifts_d0.05,1,defined,-0.003353969017531773,0.0
R24_eta0.7_opposite_half_shifts_d0.05,2,defined,-0.09227881534339144,0.08892484632585967
R24_eta0.7_opposite_half_shifts_d0.05,4,defined,-0.2953687583652159,0.29201478934768416
R96_eta0.35_plus_channel_only_d0.01,1,defined,0.0562603078545664,0.0
R96_eta0.35_plus_channel_only_d0.01,2,defined,0.0351576369203801,0.0211026709341863
R96_eta0.35_plus_channel_only_d0.01,4,defined,-0.014258315664701532,0.07051862351926794
R24_eta0.7_common_half_shift_d0.05,1,defined,-0.003353969017531773,0.0
R24_eta0.7_common_half_shift_d0.05,2,defined,-0.09227881534339155,0.08892484632585979
R24_eta0.7_common_half_shift_d0.05,4,defined,-0.2953687583652159,0.29201478934768416
R24_eta0.35_opposite_half_shifts_d0.01,1,defined,-0.0194991646917412,0.0
R24_eta0.35_opposite_half_shifts_d0.01,2,defined,-0.10288271293337747,0.08338354824163627
R24_eta0.35_opposite_half_shifts_d0.01,4,defined,-0.30424533438918483,0.28474616969744365
R24_eta0.35_plus_channel_only_d0.01,1,defined,-0.01953551319463922,0.0
R24_eta0.35_plus_channel_only_d0.01,2,defined,-0.10292401918432018,0.08338850598968095
R24_eta0.35_plus_channel_only_d0.01,4,defined,-0.3043109895831246,0.2847754763884854
R24_eta0.35_common_half_shift_d0.01,1,defined,-0.0194991646917412,0.0
R24_eta0.35_common_half_shift_d0.01,2,defined,-0.10288271293337747,0.08338354824163627
R24_eta0.35_common_half_shift_d0.01,4,defined,-0.3042453343891848,0.2847461696974436
R24_eta0.7_opposite_half_shifts_d0,1,defined,-0.003333217165265332,0.0
R24_eta0.7_opposite_half_shifts_d0,2,defined,-0.09228654767865174,0.08895333051338641
R24_eta0.7_opposite_half_shifts_d0,4,defined,-0.2952838245024668,0.29195060733720146
R96_eta0.35_common_half_shift_d0,1,defined,0.056305588153160314,0.0
R96_eta0.35_common_half_shift_d0,2,defined,0.035194974531175136,0.02111061362198518
R96_eta0.35_common_half_shift_d0,4,defined,-0.014210032085871854,0.07051562023903217
R24_eta0.7_plus_channel_only_d0.05,1,defined,-0.0042652437576078395,0.0
R24_eta0.7_plus_channel_only_d0.05,2,defined,-0.09298129944104261,0.08871605568343477
R24_eta0.7_plus_channel_only_d0.05,4,defined,-0.2963181529497372,0.29205290919212934
R24_eta0.35_common_half_shift_d0,1,defined,-0.01949255423516711,0.0
R24_eta0.35_common_half_shift_d0,2,defined,-0.10287464188676698,0.08338208765159988
R24_eta0.35_common_half_shift_d0,4,defined,-0.30423247498766154,0.28473992075249444
R96_eta0.7_plus_channel_only_d0,1,defined,0.13499445338893726,0.0
R96_eta0.7_plus_channel_only_d0,2,defined,0.11189542507733785,0.023099028311599407
R96_eta0.7_plus_channel_only_d0,4,defined,0.0595656396839373,0.07542881370499996
R24_eta0.7_opposite_half_shifts_d0.1,1,defined,-0.0034182919115250433,0.0
R24_eta0.7_opposite_half_shifts_d0.1,2,defined,-0.0922568128100606,0.08883852089853556
R24_eta0.7_opposite_half_shifts_d0.1,4,defined,-0.2956238659981718,0.29220557408664677
R96_eta0.35_opposite_half_shifts_d0.1,1,defined,0.056123292715281124,0.0
R96_eta0.35_opposite_half_shifts_d0.1,2,defined,0.035082944857281584,0.02104034785799954
R96_eta0.35_opposite_half_shifts_d0.1,4,defined,-0.014643812518559781,0.0707671052338409
R96_eta0.35_opposite_half_shifts_d0,1,defined,0.056305588153160314,0.0
R96_eta0.35_opposite_half_shifts_d0,2,defined,0.035194974531175136,0.02111061362198518
R96_eta0.35_opposite_half_shifts_d0,4,defined,-0.014210032085871854,0.07051562023903217
R96_eta0.35_plus_channel_only_d0.05,1,defined,0.05511534585932765,0.0
R96_eta0.35_plus_channel_only_d0.05,2,defined,0.034204590130078275,0.020910755729249372
R96_eta0.35_plus_channel_only_d0.05,4,defined,-0.015470689163817664,0.07058603502314531
R24_eta0.7_opposite_half_shifts_d0.01,1,defined,-0.003334040660060735,0.0
R24_eta0.7_opposite_half_shifts_d0.01,2,defined,-0.09228623461892238,0.08895219395886164
R24_eta0.7_opposite_half_shifts_d0.01,4,defined,-0.29528722098354176,0.29195318032348105
R96_eta0.7_plus_channel_only_d0.05,1,defined,0.1340024065637452,0.0
R96_eta0.7_plus_channel_only_d0.05,2,defined,0.11202673611976277,0.021975670443982437
R96_eta0.7_plus_channel_only_d0.05,4,defined,0.06051922400727544,0.07348318255646977
R96_eta0.7_opposite_half_shifts_d0,1,defined,0.13499445338893726,0.0
R96_eta0.7_opposite_half_shifts_d0,2,defined,0.11189542507733785,0.023099028311599407
R96_eta0.7_opposite_half_shifts_d0,4,defined,0.0595656396839373,0.07542881370499996
R24_eta0.7_plus_channel_only_d0,1,defined,-0.003333217165265332,0.0
R24_eta0.7_plus_channel_only_d0,2,defined,-0.09228654767865174,0.08895333051338641
R24_eta0.7_plus_channel_only_d0,4,defined,-0.2952838245024668,0.29195060733720146
R96_eta0.7_common_half_shift_d0.05,1,defined,0.1352921734380766,0.0
R96_eta0.7_common_half_shift_d0.05,2,defined,0.1123851301026053,0.02290704333547129
R96_eta0.7_common_half_shift_d0.05,4,defined,0.06015081007707429,0.0751413633610023
R96_eta0.35_opposite_half_shifts_d0.05,1,defined,0.05626474694830064,0.0
R96_eta0.35_opposite_half_shifts_d0.05,2,defined,0.03517299965115828,0.02109174729714236
R96_eta0.35_opposite_half_shifts_d0.05,4,defined,-0.014311831192430402,0.07057657814073104
R24_eta0.7_common_half_shift_d0.1,1,defined,-0.0034182919115250433,0.0
R24_eta0.7_common_half_shift_d0.1,2,defined,-0.0922568128100606,0.08883852089853556
R24_eta0.7_common_half_shift_d0.1,4,defined,-0.2956238659981718,0.29220557408664677
R96_eta0.35_common_half_shift_d0.05,1,defined,0.05626474694830064,0.0
R96_eta0.35_common_half_shift_d0.05,2,defined,0.03517299965115828,0.02109174729714236
R96_eta0.35_common_half_shift_d0.05,4,defined,-0.014311831192430343,0.07057657814073098
R24_eta0.7_plus_channel_only_d0.1,1,defined,-0.007207740800771866,0.0
R24_eta0.7_plus_channel_only_d0.1,2,defined,-0.09517356780693453,0.08796582700616266
R24_eta0.7_plus_channel_only_d0.1,4,defined,-0.29949099237503274,0.2922832515742609
R96_eta0.7_opposite_half_shifts_d0.05,1,defined,0.1352921734380766,0.0
R96_eta0.7_opposite_half_shifts_d0.05,2,defined,0.11238513010260522,0.022907043335471375
R96_eta0.7_opposite_half_shifts_d0.05,4,defined,0.06015081007707429,0.0751413633610023
R24_eta0.7_plus_channel_only_d0.01,1,defined,-0.0033700415384126693,0.0
R24_eta0.7_plus_channel_only_d0.01,2,defined,-0.09231399532795792,0.08894395378954525
R24_eta0.7_plus_channel_only_d0.01,4,defined,-0.29532497396337265,0.29195493242495996
R96_eta0.7_plus_channel_only_d0.1,1,defined,0.1302883140542166,0.0
R96_eta0.7_plus_channel_only_d0.1,2,defined,0.11143660146751845,0.01885171258669814
R96_eta0.7_plus_channel_only_d0.1,4,defined,0.06247227839288216,0.06781603566133443
R24_eta0.35_common_half_shift_d0.05,1,defined,-0.019658352632121498,0.0
R24_eta0.35_common_half_shift_d0.05,2,defined,-0.10307675390494657,0.08341840127282507
R24_eta0.35_common_half_shift_d0.05,4,defined,-0.304554212448833,0.2848958598167115
R96_eta0.35_plus_channel_only_d0,1,defined,0.056305588153160314,0.0
R96_eta0.35_plus_channel_only_d0,2,defined,0.035194974531175136,0.02111061362198518
R96_eta0.35_plus_channel_only_d0,4,defined,-0.014210032085871854,0.07051562023903217
R96_eta0.7_common_half_shift_d0.1,1,defined,0.13619867962140927,0.0
R96_eta0.7_common_half_shift_d0.1,2,defined,0.11383782382320351,0.022360855798205764
R96_eta0.7_common_half_shift_d0.1,4,defined,0.06188321520888024,0.07431546441252904
R24_eta0.35_plus_channel_only_d0.1,1,defined,-0.02402448074248634,0.0
R24_eta0.35_plus_channel_only_d0.1,2,defined,-0.10798377923653375,0.08395929849404742
R24_eta0.35_plus_channel_only_d0.1,4,defined,-0.31223730551672046,0.2882128247742341
R24_eta0.35_plus_channel_only_d0.05,1,defined,-0.020580579674500703,0.0
R24_eta0.35_plus_channel_only_d0.05,2,defined,-0.10411943631197307,0.08353885663747236
R24_eta0.35_plus_channel_only_d0.05,4,defined,-0.3062046454281307,0.28562406575363
R24_eta0.35_opposite_half_shifts_d0,1,defined,-0.01949255423516711,0.0
R24_eta0.35_opposite_half_shifts_d0,2,defined,-0.10287464188676698,0.08338208765159988
R24_eta0.35_opposite_half_shifts_d0,4,defined,-0.30423247498766154,0.28473992075249444
R24_eta0.35_common_half_shift_d0.1,1,defined,-0.020162526670875147,0.0
R24_eta0.35_common_half_shift_d0.1,2,defined,-0.10368731609656871,0.08352478942569357
R24_eta0.35_common_half_shift_d0.1,4,defined,-0.3055224988729499,0.28535997220207476
R24_eta0.35_opposite_half_shifts_d0.05,1,defined,-0.019658352632121498,0.0
R24_eta0.35_opposite_half_shifts_d0.05,2,defined,-0.10307675390494646,0.08341840127282496
R24_eta0.35_opposite_half_shifts_d0.05,4,defined,-0.304554212448833,0.2848958598167115
R24_eta0.7_common_half_shift_d0.01,1,defined,-0.0033340406600606484,0.0
R24_eta0.7_common_half_shift_d0.01,2,defined,-0.09228623461892249,0.08895219395886184
R24_eta0.7_common_half_shift_d0.01,4,defined,-0.29528722098354176,0.2919531803234811
R24_eta0.35_plus_channel_only_d0,1,defined,-0.01949255423516711,0.0
R24_eta0.35_plus_channel_only_d0,2,defined,-0.10287464188676698,0.08338208765159988
R24_eta0.35_plus_channel_only_d0,4,defined,-0.30423247498766154,0.28473992075249444
