R0,eta,m,boundary,gamma,h_Q_ref,h_Q_m,h_T_ref,h_T_m,d_ref_hQ_minus_hT,d_m_hQ_minus_hT,Delta_Q,Delta_T,E_DeltaQ_minus_DeltaT,abs_E,relative_E_over_DeltaQ,event_status,Q_pair_status,T_pair_status,QT_comparison_status,Q_root_branch_status,T_root_branch_status,Q_root_jump_count,T_root_jump_count,root_jump_count_across_QT_pair,Q_ref_status,Q_m_status,T_ref_status,T_m_status
24,0.35,2,scaled_0.8,0.5,-0.017190642265328758,-0.08269290541280357,-0.020821684402025382,-0.0843069255700013,0.0036310421366966238,0.0016140201571977347,0.06550226314747482,0.06348524116797592,0.0020170219794988925,0.0020170219794988925,0.03079316473321962,defined,defined,defined,defined,not_applicable,not_applicable,0,0,0,defined,defined,defined,defined
24,0.35,3,scaled_0.8,0.5,-0.017190642265328758,-0.1441424656325511,-0.020821684402025382,-0.141155734105205,0.0036310421366966238,-0.0029867315273461037,0.12695182336722233,0.12033404970317961,0.006617773664042717,0.006617773664042717,0.05212822855564719,defined,defined,defined,defined,not_applicable,not_applicable,0,0,0,defined,defined,defined,defined
24,0.35,4,scaled_0.8,0.5,-0.017190642265328758,-0.20114736802808575,-0.020821684402025382,-0.19190354909093554,0.0036310421366966238,-0.009243818937150206,0.18395672576275698,0.17108186468891015,0.012874861073846833,0.012874861073846833,0.06998853138129411,defined,defined,defined,defined,not_applicable,not_applicable,0,0,0,defined,defined,defined,defined
24,0.35,2,scaled_1,0.5,-0.018576705004113146,-0.10196058968151105,-0.029246470321169712,-0.10819365989628693,0.010669765317056566,0.006233070214775885,0.08338388467739791,0.07894718957511722,0.004436695102280688,0.004436695102280688,0.0532080643573482,defined,defined,defined,defined,not_applicable,not_applicable,0,0,0,defined,defined,defined,defined
24,0.35,3,scaled_1,0.5,-0.018576705004113146,-0.197165758698141,-0.029246470321169712,-0.18881886676509974,0.010669765317056566,-0.008346891933041278,0.17858905369402786,0.15957239644393,0.01901665725009785,0.01901665725009785,0.10648277067797567,defined,defined,defined,defined,not_applicable,not_applicable,0,0,0,defined,defined,defined,defined
24,0.35,4,scaled_1,0.5,-0.018576705004113146,-0.30330563548501993,-0.029246470321169712,-0.2718998387742046,0.010669765317056566,-0.03140579671081534,0.2847289304809068,0.24265336845303487,0.04207556202787194,0.04207556202787194,0.14777410204437733,defined,defined,defined,defined,not_applicable,not_applicable,0,0,0,defined,defined,defined,defined
24,0.35,2,scaled_1.2,0.5,-0.020222726786615172,-0.1336900309103235,-0.045970024153454414,-0.14863021540362525,0.025747297366839242,0.014940184493301756,0.11346730412370833,0.10266019125017084,0.010807112873537486,0.010807112873537486,0.09524429047644398,defined,defined,defined,defined,not_applicable,not_applicable,0,0,0,defined,defined,defined,defined
24,0.35,3,scaled_1.2,0.5,-0.020222726786615172,-0.3017181591658681,-0.045970024153454414,-0.26309648780364,0.025747297366839242,-0.038621671362228105,0.2814954323792529,0.21712646365018556,0.06436896872906733,0.06436896872906733,0.2286678976813534,defined,defined,defined,defined,not_applicable,not_applicable,0,0,0,defined,defined,defined,defined
24,0.35,4,scaled_1.2,0.5,-0.020222726786615172,-0.3953039492711275,-0.045970024153454414,-0.3914895378829053,0.025747297366839242,-0.003814411388222194,0.3750812224845123,0.3455195137294509,0.029561708755061422,0.029561708755061422,0.07881415273003188,defined,defined,defined,defined,not_applicable,not_applicable,0,0,0,defined,defined,defined,defined
24,0.7,2,scaled_0.8,0.5,-0.01976108975287067,-0.11077367823977584,-0.028661582050698797,-0.12110304851275652,0.008900492297828126,0.010329370272980684,0.09101258848690516,0.09244146646205773,-0.0014288779751525649,0.0014288779751525649,-0.015699783940967143,defined,defined,defined,defined,not_applicable,not_applicable,0,0,0,defined,defined,defined,defined
24,0.7,3,scaled_0.8,0.5,-0.01976108975287067,-0.19592550632968564,-0.028661582050698797,-0.2046630085549559,0.008900492297828126,0.008737502225270255,0.17616441657681498,0.1760014265042571,0.00016299007255787812,0.00016299007255787812,0.0009252156350587844,defined,defined,defined,defined,not_applicable,not_applicable,0,0,0,defined,defined,defined,defined
24,0.7,4,scaled_0.8,0.5,-0.01976108975287067,-0.27513478826966936,-0.028661582050698797,-0.2805997955999775,0.008900492297828126,0.005465007330308136,0.2553736985167987,0.2519382135492787,0.003435484967519997,0.003435484967519997,0.01345277523673413,defined,defined,defined,defined,not_applicable,not_applicable,0,0,0,defined,defined,defined,defined
24,0.7,2,scaled_1,0.5,-0.002428400911926778,-0.09139191692619564,-0.02869385815896276,-0.12714348557063992,0.02626545724703598,0.03575156864444429,0.08896351601426886,0.09844962741167716,-0.009486111397408306,0.009486111397408306,-0.10662923209877215,defined,defined,defined,defined,not_applicable,not_applicable,0,0,0,defined,defined,defined,defined
24,0.7,3,scaled_1,0.5,-0.002428400911926778,-0.1889851253296767,-0.02869385815896276,-0.2245846292421121,0.02626545724703598,0.03559950391243538,0.18655672441774993,0.19589077108314934,-0.009334046665399415,0.009334046665399415,-0.05003328984538778,defined,defined,defined,defined,not_applicable,not_applicable,0,0,0,defined,defined,defined,defined
24,0.7,4,scaled_1,0.5,-0.002428400911926778,-0.29439780671508853,-0.02869385815896276,-0.32252136977799845,0.02626545724703598,0.028123563062909918,0.2919694058031618,0.2938275116190357,-0.0018581058158739228,0.0018581058158739228,-0.006364042872103557,defined,defined,defined,defined,not_applicable,not_applicable,0,0,0,defined,defined,defined,defined
24,0.7,2,scaled_1.2,0.5,0.02533772088932276,-0.04275643460255541,-0.04084404082303871,-0.15543139659899172,0.06618176171236147,0.11267496199643631,0.06809415549187817,0.114587355775953,-0.04649320028407483,0.04649320028407483,-0.6827781319590672,defined,defined,defined,defined,not_applicable,not_applicable,0,0,0,defined,defined,defined,defined
24,0.7,3,scaled_1.2,0.5,0.02533772088932276,-0.11399126281425666,-0.04084404082303871,-0.27694776717925706,0.06618176171236147,0.16295650436500042,0.1393289837035794,0.23610372635621835,-0.09677474265263894,0.09677474265263894,-0.6945772521999152,defined,defined,defined,defined,not_applicable,not_applicable,0,0,0,defined,defined,defined,defined
24,0.7,4,scaled_1.2,0.5,0.02533772088932276,-0.11891076665527334,-0.04084404082303871,-0.40844387632824863,0.06618176171236147,0.2895331096729753,0.1442484875445961,0.3675998355052099,-0.22335134796061382,0.22335134796061382,-1.5483791321663747,defined,defined,defined,defined,not_applicable,not_applicable,0,0,0,defined,defined,defined,defined
96,0.35,2,scaled_0.8,0.5,0.0664062377042877,0.04437157774673353,0.0639060886051177,0.04159843530769669,0.0025001490991699987,0.002773142439036841,0.022034659957554173,0.022307653297421015,-0.00027299333986684216,0.00027299333986684216,-0.012389269468769427,defined,defined,defined,defined,not_applicable,not_applicable,0,0,0,defined,defined,defined,defined
96,0.35,3,scaled_0.8,0.5,0.0664062377042877,0.023386021760011824,0.0639060886051177,0.021256815045845198,0.0025001490991699987,0.0021292067141666267,0.04302021594427588,0.042649273559272505,0.0003709423850033755,0.0003709423850033755,0.008622513319874021,defined,defined,defined,defined,not_applicable,not_applicable,0,0,0,defined,defined,defined,defined
96,0.35,4,scaled_0.8,0.5,0.0664062377042877,0.0038356360413671236,0.0639060886051177,0.0028379583817923393,0.0025001490991699987,0.0009976776595747843,0.06257060166292058,0.06106813022332536,0.0015024714395952196,0.0015024714395952196,0.02401241796729575,defined,defined,defined,defined,not_applicable,not_applicable,0,0,0,defined,defined,defined,defined
96,0.35,2,scaled_1,0.5,0.0709334610758196,0.04981271848778024,0.06354527078613958,0.04002653756319274,0.007388190289680019,0.009786180924587495,0.021120742588039365,0.02351873322294684,-0.0023979906349074764,0.0023979906349074764,-0.11353723122715646,defined,defined,defined,defined,not_applicable,not_applicable,0,0,0,defined,defined,defined,defined
96,0.35,3,scaled_1,0.5,0.0709334610758196,0.026143170533026037,0.06354527078613958,0.01680142132114626,0.007388190289680019,0.009341749211879777,0.04479029054279357,0.046743849464993326,-0.001953558922199755,0.001953558922199755,-0.04361567872245179,defined,defined,defined,defined,not_applicable,not_applicable,0,0,0,defined,defined,defined,defined
96,0.35,4,scaled_1,0.5,0.0709334610758196,0.0003995266539141949,0.06354527078613958,-0.006455072173439876,0.007388190289680019,0.0068545988273540715,0.0705339344219054,0.07000034295957946,0.0005335914623259413,0.0005335914623259413,0.007565031877198477,defined,defined,defined,defined,not_applicable,not_applicable,0,0,0,defined,defined,defined,defined
96,0.35,2,scaled_1.2,0.5,0.07765916645449722,0.059726277672860546,0.0594927824456275,0.03148283512801376,0.018166384008869718,0.028243442544846786,0.017932888781636673,0.02800994731761374,-0.010077058535977068,0.010077058535977068,-0.5619316920258828,defined,defined,defined,defined,not_applicable,not_applicable,0,0,0,defined,defined,defined,defined
96,0.35,3,scaled_1.2,0.5,0.07765916645449722,0.03347238804660358,0.0594927824456275,0.002021897384414384,0.018166384008869718,0.0314504906621892,0.04418677840789364,0.05747088506121312,-0.013284106653319479,0.013284106653319479,-0.30063532875586085,defined,defined,defined,defined,not_applicable,not_applicable,0,0,0,defined,defined,defined,defined
96,0.35,4,scaled_1.2,0.5,0.07765916645449722,-0.0026238281508039023,0.0594927824456275,-0.029770808712817416,0.018166384008869718,0.027146980562013513,0.08028299460530113,0.08926359115844491,-0.008980596553143788,0.008980596553143788,-0.11186175350453102,defined,defined,defined,defined,not_applicable,not_applicable,0,0,0,defined,defined,defined,defined
96,0.7,2,scaled_0.8,0.5,0.1339664616526941,0.09826896693865281,0.12813543833535798,0.09043549731532087,0.00583102331733612,0.007833469623331937,0.035697494714041295,0.03769994102003711,-0.002002446305995817,0.002002446305995817,-0.056094869458953166,defined,defined,defined,defined,not_applicable,not_applicable,0,0,0,defined,defined,defined,defined
96,0.7,3,scaled_0.8,0.5,0.1339664616526941,0.06380935930458587,0.12813543833535798,0.055508032329283585,0.00583102331733612,0.008301326975302281,0.07015710234810824,0.0726274060060744,-0.002470303657966161,0.002470303657966161,-0.035211027469591205,defined,defined,defined,defined,not_applicable,not_applicable,0,0,0,defined,defined,defined,defined
96,0.7,4,scaled_0.8,0.5,0.1339664616526941,0.031114380819158072,0.12813543833535798,0.023126954863636494,0.00583102331733612,0.007987425955521578,0.10285208083353603,0.10500848347172148,-0.0021564026381854506,0.0021564026381854506,-0.020966057475060168,defined,defined,defined,defined,not_applicable,not_applicable,0,0,0,defined,defined,defined,defined
96,0.7,2,scaled_1,0.5,0.1495800990916436,0.1264528337148335,0.13228525166088623,0.09919668132611326,0.017294847430757376,0.027256152388720256,0.02312726537681009,0.03308857033477297,-0.00996130495796288,0.00996130495796288,-0.43071693932094396,defined,defined,defined,defined,not_applicable,not_applicable,0,0,0,defined,defined,defined,defined
96,0.7,3,scaled_1,0.5,0.1495800990916436,0.10110620954829663,0.13228525166088623,0.06773409818607634,0.017294847430757376,0.03337211136222029,0.04847388954334697,0.06455115347480989,-0.016077263931462915,0.016077263931462915,-0.3316685350179314,defined,defined,defined,defined,not_applicable,not_applicable,0,0,0,defined,defined,defined,defined
96,0.7,4,scaled_1,0.5,0.1495800990916436,0.07407227623662549,0.13228525166088623,0.03714010365458131,0.017294847430757376,0.036932172582044176,0.07550782285501811,0.09514514800630491,-0.0196373251512868,0.0196373251512868,-0.2600700749774265,defined,defined,defined,defined,not_applicable,not_applicable,0,0,0,defined,defined,defined,defined
96,0.7,2,scaled_1.2,0.5,0.17319352669324486,0.17953538589433704,0.12980354477879164,0.09618378394458982,0.04338998191445323,0.08335160194974722,-0.006341859201092176,0.03361976083420182,-0.03996162003529399,0.03996162003529399,6.301246806048915,defined,defined,defined,defined,not_applicable,not_applicable,0,0,0,defined,defined,defined,defined
96,0.7,3,scaled_1.2,0.5,0.17319352669324486,0.1929650575410501,0.12980354477879164,0.06392896055330212,0.04338998191445323,0.12903609698774798,-0.019771530847805224,0.06587458422548952,-0.08564611507329474,0.08564611507329474,4.33178977048214,defined,defined,defined,defined,not_applicable,not_applicable,0,0,0,defined,defined,defined,defined
96,0.7,4,scaled_1.2,0.5,0.17319352669324486,0.23245957127944597,0.12980354477879164,0.0314296098129494,0.04338998191445323,0.20102996146649657,-0.059266044586201105,0.09837393496584224,-0.15763997955204334,0.15763997955204334,2.65987009345224,defined,defined,defined,defined,not_applicable,not_applicable,0,0,0,defined,defined,defined,defined
