R0,eta,m,Delta_b0_0p9,abs_change_from_b0_b0_0p9,signed_relative_change_from_b0_b0_0p9,status_b0_0p9,Q_pair_status_b0_0p9,Q_root_branch_status_b0_0p9,h_ref_b0_0p9,h_m_b0_0p9,Delta_b0,abs_change_from_b0_b0,signed_relative_change_from_b0_b0,status_b0,Q_pair_status_b0,Q_root_branch_status_b0,h_ref_b0,h_m_b0,Delta_b0_1p1,abs_change_from_b0_b0_1p1,signed_relative_change_from_b0_b0_1p1,status_b0_1p1,Q_pair_status_b0_1p1,Q_root_branch_status_b0_1p1,h_ref_b0_1p1,h_m_b0_1p1,Delta_actual,abs_change_from_b0_actual,signed_relative_change_from_b0_actual,status_actual,Q_pair_status_actual,Q_root_branch_status_actual,h_ref_actual,h_m_actual,small_b0_denominator
24,0.35,2,0.0735558781659776,0.009828006511420309,-0.11786457958205797,defined,defined,not_applicable,-0.017868020239964366,-0.09142389840594196,0.08338388467739791,0.0,0.0,defined,defined,not_applicable,-0.018576705004113146,-0.10196058968151105,0.09601976195424616,0.012635877276848256,0.15153860156233936,defined,defined,not_applicable,-0.01934100123619503,-0.1153607631904412,0.08677342014241929,0.0033895354650213816,0.04064976677609926,defined_with_root_branch_breaks,defined,root_branch_breaks,-0.018848293729401708,-0.105621713871821,False
24,0.35,3,0.1496623940572034,0.028926659636824448,-0.16197330708960342,defined,defined,not_applicable,-0.017868020239964366,-0.16753041429716778,0.17858905369402786,0.0,0.0,defined,defined,not_applicable,-0.018576705004113146,-0.197165758698141,0.21895822963698403,0.040369175942956165,0.2260450744765111,defined,defined,not_applicable,-0.01934100123619503,-0.23829923087317906,0.18732767677241563,0.00873862307838777,0.04893145967030786,defined_with_root_branch_breaks,defined,root_branch_breaks,-0.018848293729401708,-0.20617597050181735,False
24,0.35,4,0.22740491236929078,0.057324018111616026,-0.20132839334168057,defined,defined,not_applicable,-0.017868020239964366,-0.24527293260925515,0.2847289304809068,0.0,0.0,defined,defined,not_applicable,-0.018576705004113146,-0.30330563548501993,0.37116384815439685,0.08643491767349004,0.3035691439134814,defined,defined,not_applicable,-0.01934100123619503,-0.3905048493905919,0.3004185560872918,0.015689625606384983,0.05510372823683644,defined_with_root_branch_breaks,defined,root_branch_breaks,-0.018848293729401708,-0.3192668498166935,False
24,0.7,2,0.09082324475945346,0.0018597287451845995,0.02090439798811816,defined,defined,not_applicable,-0.012045237948526966,-0.10286848270798042,0.08896351601426886,0.0,0.0,defined,defined,not_applicable,-0.002428400911926778,-0.09139191692619564,0.08345752454178479,0.0055059914724840675,-0.06189044362411397,defined,defined,not_applicable,0.009698381679717816,-0.07375914286206697,0.08429347379129881,0.0046700422229700445,-0.05249390348084957,defined,defined,continuous,0.009986726703947735,-0.07430674708735108,False
24,0.7,3,0.18232276634562428,0.004233958072125649,-0.02269528522941202,defined,defined,not_applicable,-0.012045237948526966,-0.19436800429415124,0.18655672441774993,0.0,0.0,defined,defined,not_applicable,-0.002428400911926778,-0.1889851253296767,0.18377225479027104,0.002784469627478886,-0.014925592396464472,defined,defined,not_applicable,0.009698381679717816,-0.17407387311055322,0.18516793872589798,0.0013887856918519403,-0.007444307870361624,defined_with_root_branch_breaks,defined,root_branch_breaks,0.009986726703947735,-0.17518121202195025,False
24,0.7,4,0.2736875948487648,0.01828181095439696,-0.06261550214176236,defined,defined,not_applicable,-0.012045237948526966,-0.2857328327972918,0.2919694058031618,0.0,0.0,defined,defined,not_applicable,-0.002428400911926778,-0.29439780671508853,0.3013373189064108,0.009367913103249026,0.0320852559105615,defined,defined,not_applicable,0.009698381679717816,-0.291638937226693,0.30217516227564756,0.010205756472485783,0.034954883181720214,defined_with_root_branch_breaks,defined,root_branch_breaks,0.009986726703947735,-0.2921884355716998,False
32,0.35,2,0.05670662507804425,0.005940869662687059,-0.09483012349134697,defined,defined,not_applicable,0.007137082231891245,-0.049569542846153,0.06264749474073131,0.0,0.0,defined,defined,not_applicable,0.007796936574384763,-0.05485055816634654,0.0700351218154493,0.0073876270747179895,0.1179237430848899,defined,defined,not_applicable,0.008673490005499714,-0.06136163180994958,0.06463799909991161,0.0019905043591803007,0.031773087933014206,defined,defined,continuous,0.008069534707104118,-0.056568464392807494,False
32,0.35,3,0.11505182687518212,0.018554272777189157,-0.13887294685995163,defined,defined,not_applicable,0.007137082231891245,-0.10791474464329087,0.13360609965237127,0.0,0.0,defined,defined,not_applicable,0.007796936574384763,-0.1258091630779865,0.1587594560120475,0.02515335635967622,0.18826503000328992,defined,defined,not_applicable,0.008673490005499714,-0.15008596600654778,0.13912939250445885,0.00552329285208758,0.04134012493784786,defined_with_root_branch_breaks,defined,root_branch_breaks,0.008069534707104118,-0.13105985779735474,False
32,0.35,4,0.17414143679216787,0.03784678471160177,-0.1785324884709633,defined,defined,not_applicable,0.007137082231891245,-0.16700435456027662,0.21198822150376964,0.0,0.0,defined,defined,not_applicable,0.007796936574384763,-0.20419128492938488,0.2675926239490077,0.05560440244523804,0.26229949027733723,defined,defined,not_applicable,0.008673490005499714,-0.25891913394350796,0.22215794590653026,0.010169724402760622,0.04797306345899874,defined_with_root_branch_breaks,defined,root_branch_breaks,0.008069534707104118,-0.21408841119942615,False
32,0.7,2,0.07167750885289627,0.0044552145364964435,0.0662758476455263,defined,defined,not_applicable,0.030773876009519086,-0.04090363284337718,0.06722229431639982,0.0,0.0,defined,defined,not_applicable,0.04073532287365689,-0.026486971442742938,0.058666999322455005,0.00855529499394482,-0.12726871465703063,defined,defined,not_applicable,0.05318524702722636,-0.00548175229522865,0.06065219200350501,0.0065701023128948155,-0.09773695437961193,defined,defined,continuous,0.051875406487631094,-0.008776785515873919,False
32,0.7,3,0.1438171680571554,0.003144906365682959,0.022356265036674275,defined,defined,not_applicable,0.030773876009519086,-0.1130432920476363,0.14067226169147243,0.0,0.0,defined,defined,not_applicable,0.04073532287365689,-0.09993693881781554,0.12854942183771756,0.012122839853754869,-0.08617789824367171,defined,defined,not_applicable,0.05318524702722636,-0.07536417481049121,0.13229596121179835,0.008376300479674081,-0.05954479141058591,defined,defined,continuous,0.051875406487631094,-0.08042055472416726,False
32,0.7,4,0.21550058801884364,0.003933732439489579,-0.017926696385839637,defined,defined,not_applicable,0.030773876009519086,-0.18472671200932456,0.21943432045833322,0.0,0.0,defined,defined,not_applicable,0.04073532287365689,-0.17869899758467633,0.2092870848371055,0.010147235621227713,-0.04624270077731299,defined,defined,not_applicable,0.05318524702722636,-0.15610183780987916,0.21400476551811703,0.005429554940216186,-0.024743417205091052,defined_with_root_branch_breaks,defined,root_branch_breaks,0.051875406487631094,-0.16212935903048595,False
40,0.35,2,0.04647535579268289,0.0037471610649359444,-0.0746111764083662,defined,defined,not_applicable,0.023424581648145128,-0.02305077414453776,0.05022251685761883,0.0,0.0,defined,defined,not_applicable,0.02480903950915246,-0.025413477348466367,0.05469567553153619,0.004473158673917357,0.08906679620614777,defined,defined,not_applicable,0.02654854562473699,-0.028147129906799195,0.05143614699475439,0.0012136301371355601,0.024165060078056414,defined,defined,continuous,0.025321370503657112,-0.02611477649109728,False
40,0.35,3,0.09418727160072271,0.012685862010725843,-0.11870019697229967,defined,defined,not_applicable,0.023424581648145128,-0.07076268995257758,0.10687313361144855,0.0,0.0,defined,defined,not_applicable,0.02480903950915246,-0.08206409410229609,0.12358848248548147,0.01671534887403292,0.15640365645872972,defined,defined,not_applicable,0.02654854562473699,-0.09703993686074448,0.11056044032821495,0.0036873067167663975,0.03450171799183965,defined_with_root_branch_breaks,defined,root_branch_breaks,0.025321370503657112,-0.08523906982455784,False
40,0.35,4,0.14230851066171193,0.02681532946928969,-0.15855440278862404,defined,defined,not_applicable,0.023424581648145128,-0.11888392901356681,0.16912384013100162,0.0,0.0,defined,defined,not_applicable,0.02480903950915246,-0.14431480062184915,0.20754668500587165,0.03842284487487002,0.22718763271404002,defined,defined,not_applicable,0.02654854562473699,-0.18099813938113465,0.17621003070246288,0.007086190571461259,0.041899418591562064,defined_with_root_branch_breaks,defined,root_branch_breaks,0.025321370503657112,-0.15088866019880579,False
40,0.7,2,0.05990540622618555,0.005774522649706647,0.10667704401218767,defined,defined,not_applicable,0.05921986773219179,-0.0006855384939937655,0.054130883576478904,0.0,0.0,defined,defined,not_applicable,0.06916839790098817,0.015037514324509262,0.044128626543250005,0.0100022570332289,-0.18477912002114644,defined,defined,not_applicable,0.08153797053891088,0.03740934399566087,0.047119253273647785,0.007011630302831119,-0.12953105213818886,defined,defined,continuous,0.07913349221333932,0.03201423893969153,False
40,0.7,3,0.12027122667798497,0.007056601118636166,0.062329412686499504,defined,defined,not_applicable,0.05921986773219179,-0.06105135894579318,0.1132146255593488,0.0,0.0,defined,defined,not_applicable,0.06916839790098817,-0.04404622765836064,0.09645444706070133,0.01676017849864747,-0.14803898715242877,defined,defined,not_applicable,0.08153797053891088,-0.014916476521790458,0.10239835963157395,0.010816265927774849,-0.09553770879279903,defined,defined,continuous,0.07913349221333932,-0.023264867418234643,False
40,0.7,4,0.18018230899751597,0.003817390218754657,0.021644838696880147,defined,defined,not_applicable,0.05921986773219179,-0.1209624412653242,0.17636491877876131,0.0,0.0,defined,defined,not_applicable,0.06916839790098817,-0.10719652087777315,0.15638381765141018,0.01998110112735113,-0.11329407948990221,defined,defined,not_applicable,0.08153797053891088,-0.07484584711249931,0.1649275570994157,0.011437361679345615,-0.06485054827538046,defined,defined,continuous,0.07913349221333932,-0.08579406488607638,False
56,0.35,2,0.03457866322084347,0.0014234167716467641,-0.03953707041214503,defined,defined,not_applicable,0.04381758310060731,0.009238919879763835,0.036002079992490235,0.0,0.0,defined,defined,not_applicable,0.04588613638140715,0.009884056388916915,0.03743764594724858,0.0014355659547583416,0.03987452822330793,defined,defined,not_applicable,0.04843356537445778,0.010995919427209207,0.03643732603316687,0.0004352460406766359,0.012089469296424678,defined,defined,continuous,0.046559059254611186,0.010121733221444315,False
56,0.35,3,0.07004225527681926,0.006411966677613817,-0.08386674422552318,defined,defined,not_applicable,0.04381758310060731,-0.026224672176211956,0.07645422195443308,0.0,0.0,defined,defined,not_applicable,0.04588613638140715,-0.030568085573025927,0.08433602936969135,0.007881807415258277,0.10309185305627537,defined,defined,not_applicable,0.04843356537445778,-0.03590246399523357,0.0782139623025902,0.0017597403481571239,0.02301691526212815,defined_with_root_branch_breaks,defined,root_branch_breaks,0.046559059254611186,-0.031654903047979015,False
56,0.35,4,0.10569301559681558,0.014967719323111653,-0.12404797080876821,defined,defined,not_applicable,0.04381758310060731,-0.06187543249620828,0.12066073491992724,0.0,0.0,defined,defined,not_applicable,0.04588613638140715,-0.07477459853852009,0.1410506421742952,0.020389907254367956,0.1689854389491253,defined,defined,not_applicable,0.04843356537445778,-0.09261707679983743,0.12444494824230795,0.003784213322380714,0.0313624256050818,defined_with_root_branch_breaks,defined,root_branch_breaks,0.046559059254611186,-0.07788588898769677,False
56,0.7,2,0.045989999542196694,0.006933772713964559,0.17753309208436951,defined,defined,not_applicable,0.09560718715204142,0.04961718760984472,0.039056226828232135,0.0,0.0,defined,defined,not_applicable,0.10521342828717646,0.06615720145894433,0.027941951490633943,0.011114275337598192,-0.28457114883315204,defined,defined,not_applicable,0.11708529157860736,0.08914334008797342,0.03231854197247737,0.006737684855754766,-0.17251243663108726,defined,defined,continuous,0.11336814173912642,0.08104959976664905,False
56,0.7,3,0.09251321123759003,0.010805570802910586,0.1322467610792043,defined,defined,not_applicable,0.09560718715204142,0.0030939759144513884,0.08170764043467944,0.0,0.0,defined,defined,not_applicable,0.10521342828717646,0.023505787852497018,0.060936830842316825,0.02077080959236262,-0.2542089023971716,defined,defined,not_applicable,0.11708529157860736,0.05614846073629054,0.0699616321037681,0.011746008330911342,-0.14375654796079443,defined,defined,continuous,0.11336814173912642,0.04340650963535831,False
56,0.7,4,0.1387288397354055,0.011539714040653515,0.09072877871924596,defined,defined,not_applicable,0.09560718715204142,-0.0431216525833641,0.127189125694752,0.0,0.0,defined,defined,not_applicable,0.10521342828717646,-0.021975697407575545,0.09833474893599303,0.02885437675875896,-0.2268619789714423,defined,defined,not_applicable,0.11708529157860736,0.018750542642614332,0.11219897663489736,0.01499014905985463,-0.11785715939136411,defined,defined,continuous,0.11336814173912642,0.0011691651042290531,False
72,0.35,2,0.02782025030580851,0.0002574889931530773,-0.009170574254979287,defined,defined,not_applicable,0.05636527171419684,0.02854502140838833,0.02807773929896159,0.0,0.0,defined,defined,not_applicable,0.05870969976493154,0.03063196046596995,0.02801632236580435,6.141693315724062e-05,-0.0021873888244098067,defined,defined,not_applicable,0.06157828959732218,0.03356196723151783,0.02816139166358205,8.365236462046233e-05,0.0029793126764858908,defined,defined,continuous,0.05940189062995554,0.031240498966373487,False
72,0.35,3,0.0563681824609045,0.0032063283632742107,-0.05382047320098013,defined,defined,not_applicable,0.05636527171419684,-2.9107467076558424e-06,0.05957451082417871,0.0,0.0,defined,defined,not_applicable,0.05870969976493154,-0.0008648110592471663,0.06304267905745292,0.003468168233274213,0.05821563929429084,defined,defined,not_applicable,0.06157828959732218,-0.0014643894601307425,0.06040463503281695,0.0008301242086382402,0.01393421779136672,defined,defined,continuous,0.05940189062995554,-0.0010027444028614108,False
72,0.35,4,0.08504464021763439,0.008856534382442688,-0.09431761019137899,defined,defined,not_applicable,0.05636527171419684,-0.028679368503437552,0.09390117460007708,0.0,0.0,defined,defined,not_applicable,0.05870969976493154,-0.03519147483514553,0.10523426999187999,0.011333095391802911,0.12069173191997119,defined,defined,not_applicable,0.06157828959732218,-0.043655980394557814,0.09602770673907352,0.0021265321389964398,0.02264649135703883,defined_with_root_branch_breaks,defined,root_branch_breaks,0.05940189062995554,-0.03662581610911797,False
72,0.7,2,0.03792231826794398,0.007324256034855481,0.2393699306531604,defined,defined,not_applicable,0.11850908139225193,0.08058676312430794,0.030598062233088502,0.0,0.0,defined,defined,not_applicable,0.1276879052354231,0.09708984300233459,0.019248917899481438,0.011349144333607064,-0.3709105579023952,defined,defined,not_applicable,0.13899090099800623,0.1197419830985248,0.024447006751021266,0.006151055482067236,-0.2010276152525611,defined,defined,continuous,0.13457428641838462,0.11012727966736335,False
72,0.7,3,0.07643198556299859,0.012372740570368398,0.19314527624844538,defined,defined,not_applicable,0.11850908139225193,0.04207709582925334,0.06405924499263019,0.0,0.0,defined,defined,not_applicable,0.1276879052354231,0.0636286602427929,0.041940110381633006,0.022119134610997182,-0.3452918406007114,defined,defined,not_applicable,0.13899090099800623,0.09705079061637323,0.05281127372048519,0.011247971272144996,-0.1755870097038927,defined,defined,continuous,0.13457428641838462,0.08176301269789943,False
72,0.7,4,0.11476819846767759,0.015039694660670191,0.15080638018770146,defined,defined,not_applicable,0.11850908139225193,0.003740882924574335,0.0997285038070074,0.0,0.0,defined,defined,not_applicable,0.1276879052354231,0.027959401428415687,0.06749042876064791,0.03223807504635949,-0.3232583846715074,defined,defined,not_applicable,0.13899090099800623,0.07150047223735832,0.08450780460427162,0.015220699202735777,-0.15262135319096504,defined,defined,continuous,0.13457428641838462,0.050066481814112995,False
96,0.35,2,0.021768858746033362,0.000648116157993997,0.030686239145825484,defined,defined,not_applicable,0.06844610840236184,0.04667724965632848,0.021120742588039365,0.0,0.0,defined,defined,not_applicable,0.0709334610758196,0.04981271848778024,0.01991719158447469,0.0012035510035646735,-0.05698431286437069,defined,defined,not_applicable,0.07396327820547932,0.05404608662100463,0.020968422640402003,0.0001523199476373624,-0.007211865160632225,defined,defined,continuous,0.07158815798181109,0.05061973534140909,False
96,0.35,3,0.04414150721838837,0.0006487833244051971,-0.014484909933444977,defined,defined,not_applicable,0.06844610840236184,0.02430460118397347,0.04479029054279357,0.0,0.0,defined,defined,not_applicable,0.0709334610758196,0.026143170533026037,0.04480672801984374,1.643747705017129e-05,0.00036698750668890133,defined,defined,not_applicable,0.07396327820547932,0.029156550185635583,0.044944467959284584,0.00015417741649101369,0.003442206215289213,defined,defined,continuous,0.07158815798181109,0.02664369002252651,False
96,0.35,4,0.06662280551952633,0.003911128902379074,-0.05545031529057044,defined,defined,not_applicable,0.06844610840236184,0.0018233028828355169,0.0705339344219054,0.0,0.0,defined,defined,not_applicable,0.0709334610758196,0.0003995266539141949,0.07470909544325322,0.004175161021347809,0.05919364991570849,defined,defined,not_applicable,0.07396327820547932,-0.0007458172377738936,0.07139606941672585,0.0008621349948204488,0.012222981773049929,defined_with_root_branch_breaks,defined,root_branch_breaks,0.07158815798181109,0.00019208856508523553,False
96,0.7,2,0.03054994197282035,0.007422676596010258,0.32094916865757245,defined,defined,not_applicable,0.14100012118378036,0.11045017921096001,0.02312726537681009,0.0,0.0,defined,defined,not_applicable,0.1495800990916436,0.1264528337148335,0.011930929570796056,0.011196335806014035,-0.4841184473647584,defined,defined,not_applicable,0.1601096441549335,0.14817871458413745,0.01780279635895013,0.005324469017859962,-0.23022475554757343,defined,defined,continuous,0.1551675683564732,0.13736477199752306,False
96,0.7,3,0.061725907388805776,0.013252017845458805,0.27338466069673256,defined,defined,not_applicable,0.14100012118378036,0.07927421379497458,0.04847388954334697,0.0,0.0,defined,defined,not_applicable,0.1495800990916436,0.10110620954829663,0.02597961903595636,0.022494270507390612,-0.46404921740962185,defined,defined,not_applicable,0.1601096441549335,0.13413002511897715,0.038386343087866065,0.010087546455480906,-0.2081026827125206,defined,defined,continuous,0.1551675683564732,0.11678122526860713,False
96,0.7,4,0.09286520318562794,0.017357380330609823,0.22987525893757488,defined,defined,not_applicable,0.14100012118378036,0.04813491799815243,0.07550782285501811,0.0,0.0,defined,defined,not_applicable,0.1495800990916436,0.07407227623662549,0.041676841030470035,0.03383098182454808,-0.44804605066559317,defined,defined,not_applicable,0.1601096441549335,0.11843280312446347,0.061308358589342624,0.01419946426567549,-0.18805288947265442,defined,defined,continuous,0.1551675683564732,0.09385920976713057,False
