eta,m,observable,epsilon_coefficient,epsilon2_coefficient,epsilon3_coefficient,epsilon4_coefficient,max_refinement_change,propagation_fit_used
0.35,2,Q,1.5115686480271506e-13,2.0722126392143245,-0.4504740662344887,-0.09305224583028449,1.743938327081196e-11,False
0.35,3,Q,1.5076828674409626e-12,4.414678288921809,-1.440168079909686,2.5876583492577554,1.3288481426343424e-11,False
0.35,4,Q,3.9031555765234316e-12,6.972063963922159,-2.9809781924582652,9.165550026426484,2.651265873510056e-10,False
0.35,2,T,0.08311851620040245,1.3874741595093472,0.7219906244676553,-2.1735099280938632,9.68136681933629e-12,False
0.35,3,T,0.15560141831827667,2.8522492864723974,1.413683261520398,-4.450309249793224,5.3788973275459284e-11,False
0.35,4,T,0.22135260555194813,4.3868131357013365,2.0490902740960224,-6.529969974679967,9.606626605318525e-11,False
0.7,2,Q,3.4861002973229915e-13,2.3532962370615236,-1.4467181919068501,1.10343812752319,8.791813943531679e-10,False
0.7,3,Q,3.5367264672458987e-12,5.013503734389817,-4.216431873433654,5.924854780507293,1.1579981418208263e-09,False
0.7,4,Q,9.207301587821348e-12,7.917783909019499,-8.326993280745617,15.710314824712102,1.8619541464204303e-09,False
0.7,2,T,0.19588223159501972,1.034614842475409,3.038342357566489,-12.028247574677001,2.6597673397077415e-08,False
0.7,3,T,0.3666999178142716,2.163519641104558,6.177497797503676,-27.39026759866126,7.171010807383027e-08,False
0.7,4,T,0.5216532287504272,3.3706177649115365,9.347080649885397,-45.57713039523437,1.3013772814929325e-07,False
0.9,2,Q,6.055156376305604e-13,2.896903419872311,-6.047287886495682,43.080367454692436,1.349676637119046e-08,False
0.9,3,Q,6.015632436628948e-12,6.171614047105647,-14.812475613669449,94.78890513896292,1.4675123338747653e-09,False
0.9,4,Q,1.568078999980571e-11,9.746777699524102,-26.230151580929636,154.02358986292774,2.2982703740126453e-08,False
0.9,2,T,0.3344020799885512,-0.5737801484088485,31.524664049051466,-638.1599104395523,9.95791879176977e-07,False
0.9,3,T,0.6260150001877753,-1.0571043851846444,68.58279326668956,-1550.8630295935038,2.5879273835016647e-06,False
0.9,4,T,0.8905449121466718,-1.4816040761881832,110.83441835938318,-2759.2059557402276,5.192623575567268e-06,False
