R0,m,h,p,q,slope,curvature,maxima
16.0,1,-0.0665808739475353,0.92361128594827,0.24478399921702995,0.1553594947502924,-0.4319783789355491,"[0.92361128594827, 3.0770700552214603, 4.489073510516017]"
16.0,3,-0.33770669767420997,0.7411169425721745,0.1762338777236165,0.10353430404760425,-0.25607077442276377,"[0.7411169425721745, 3.064546032047547, 4.513111294650474]"
20.0,1,-0.038393759470701325,0.9451315641746412,0.254125579142958,0.16280754348896306,-0.4524275190598281,"[0.9451315641746412, 3.108678100251278, 4.54821497326337]"
20.0,3,-0.2535113654787284,0.798078516744128,0.19351331056211785,0.116761312434274,-0.2959401010129333,"[0.798078516744128, 3.0881840808142447, 4.544583958948092]"
24.0,1,-0.018576695276807872,0.960485477906149,0.26102227362734953,0.16826366506617754,-0.46757524854261023,"[0.960485477906149, 3.130888933934863, 4.589683801948704]"
24.0,3,-0.1971657525246228,0.8371158563214662,0.20678420554776258,0.12692332097095105,-0.3270057098367362,"[0.8371158563214662, 3.1086208324265425, 4.579767027999013]"
28.0,1,-0.003763707149733726,0.9720662326722224,0.26636374167697374,0.172467870495271,-0.4793517736680537,"[0.9720662326722224, 3.147391997872319, 4.620416297084779]"
28.0,3,-0.15657087245370996,0.8656930218341333,0.21731686055253688,0.13499445239366936,-0.3519032584428649,"[0.8656930218341333, 3.125222334192042, 4.608462821557638]"
32.0,1,0.007796944665203264,0.9811574700617085,0.2706473559518191,0.1758274225723578,-0.4888327326257879,"[0.9811574700617085, 3.1601607112010304, 4.64412817002066]"
32.0,3,-0.1258091574461465,0.8875986555596809,0.22589501531970602,0.14157287187686998,-0.37232461309646037,"[0.8875986555596809, 3.138737338674381, 4.631560813156813]"
36.0,1,0.017113212522041475,0.9885127717728368,0.2741748765328193,0.17858676269291948,-0.4966699085571605,"[0.9885127717728368, 3.1703486902353046, 4.662992962126243]"
36.0,3,-0.10162319420846574,0.9049724761905836,0.2330279856973982,0.14704685743717819,-0.38939726125277363,"[0.9049724761905836, 3.149885993879149, 4.650395785944109]"
40.0,1,0.02480904249971255,0.9946053338587075,0.27714094574838877,0.18090233309163195,-0.5032837269621411,"[0.9946053338587075, 3.178676463721989, 4.678368356977396]"
40.0,3,-0.08206408789300607,0.9191191218717221,0.23906113174553664,0.15167971775212338,-0.40389914138933,"[0.9191191218717221, 3.1592174531937522, 4.666002801738168]"
44.0,1,0.031292814726100404,0.9997481507049116,0.27967724424008467,0.1828793473223483,-0.5089588249694114,"[0.9997481507049116, 3.1856178127448147, 4.691146879642849]"
44.0,3,-0.06589090341570625,0.9308815755632779,0.24423703100658462,0.15565649511159346,-0.4163836594961445,"[0.9308815755632779, 3.167134923038556, 4.679131288468411]"
48.0,1,0.03684384512702066,1.0041570002369447,0.2818763296687317,0.18459141950553923,-0.5138954988400297,"[1.0041570002369447, 3.191497352980239, 4.701939680970644]"
48.0,3,-0.05227424435185614,0.9408299217614504,0.24873117414087786,0.15911114605568485,-0.4272551316214512,"[0.9408299217614504, 3.173934921831751, 4.690323359367109]"
56.0,1,0.045886144395302246,1.0113475535393954,0.2855142396089683,0.18741981415680561,-0.5220986494987774,"[1.0113475535393954, 3.200928788112245, 4.7191815917242135]"
56.0,3,-0.030568079275811347,0.9567730802036524,0.2561634024094405,0.1648278044436129,-0.44529602528468415,"[0.9567730802036524, 3.1850119722691557, 4.708388617134626]"
64.0,1,0.052974681128576916,1.0169891798754829,0.2884154457234696,0.18967236927647002,-0.5286768396904155,"[1.0169891798754829, 3.208174672774382, 4.73235626678308]"
64.0,3,-0.013985287292268259,0.9690224348132892,0.2620724014744537,0.16937599513044962,-0.4596933527121575,"[0.9690224348132892, 3.19365531241133, 4.7223389744195465]"
80.0,1,0.06346411205104537,1.0253389612569166,0.29279035241034235,0.19306479114996702,-0.5386659122225134,"[1.0253389612569166, 3.2186101469596027, 4.751190288143404]"
80.0,3,0.00980036852117491,0.9866952202023044,0.27091424228011374,0.1761869026082006,-0.4813240137476378,"[0.9866952202023044, 3.2062914285068795, 4.74249326297654]"
96.0,1,0.07093346648598232,1.0312807934173098,0.2959667994047768,0.19552521541885134,-0.5459778234841635,"[1.0312807934173098, 3.225793287546773, 4.76403150070742]"
96.0,3,0.02614317080254125,0.998906396316912,0.27725044098308377,0.18107164498789433,-0.496889171128223,"[0.998906396316912, 3.2151077941153647, 4.7563736892809345]"
128.0,1,0.08102167047253635,1.039292389559508,0.3003403795097824,0.19891019397381737,-0.5561395629895733,"[1.039292389559508, 3.2350984965849077, 4.7804648279293165]"
128.0,3,0.04734324785055166,1.0148263719301145,0.2858016750649203,0.18766929777212318,-0.5179826331747072,"[1.0148263719301145, 3.226655083294941, 4.774298705567322]"
192.0,1,0.09238117559273726,1.048280539407726,0.30538419051591226,0.2028115145874416,-0.5680164794537774,"[1.048280539407726, 3.244909057374286, 4.79744031795941]"
192.0,3,0.06985051533186902,1.03181904802594,0.295309292146439,0.1950121004374791,-0.5415605334550359,"[1.03181904802594, 3.238952831371743, 4.793003469041539]"
256.0,1,0.09883625537440038,1.0533646017404468,0.30830879324869387,0.20507325718416983,-0.5749935205051625,"[1.0533646017404468, 3.250100407000955, 4.806209846305892]"
256.0,3,0.08189944964729094,1.0409495269508986,0.30058848619470596,0.19909266511109144,-0.5547164227959199,"[1.0409495269508986, 3.2454914456559214, 4.80273931817551]"
