R0,model,nx,nt,advance,scaled,fresnel_scaled,geometry_scaled_correction,N14_fresnel_scaled_error,series_2,series_3,series_4,series_5,series_6,series_8,series_10,series_12,series_14
16.0,rs,32,64,0.27112582372667465,4.3380131796267944,4.3380098241292755,3.3554975189531433e-06,8.762640106851904e-07,4.414678288930584,4.054636268959334,4.216364915784336,4.268971212651107,4.321131314374184,4.3295694844148205,4.338783965093196,4.33801714312942,4.338010700393286
20.0,rs,32,64,0.21511760600802704,4.302352120160541,4.30234885215392,3.2680066208712333e-06,2.830323628799647e-07,4.414678288930584,4.092646916365764,4.222029833825765,4.259671835694128,4.293054300796896,4.2986206636237085,4.3026649694975845,4.302356797315866,4.302349135186283
24.0,rs,32,64,0.17858905724781493,4.286137373947558,4.286134149302357,3.22464520152721e-06,7.01179043716138e-08,4.414678288930584,4.120705210633747,4.228524308517081,4.257159549535073,4.280341816967551,4.284214994515149,4.2862831146365465,4.286138593964682,4.286134219420261
28.0,rs,32,64,0.15280716530397623,4.2786006285113345,4.278597427795802,3.20071553261414e-06,1.3889050798354674e-08,4.414678288930584,4.142512104251362,4.234928473865649,4.257652258176753,4.274684128127145,4.277500732867176,4.278675496286067,4.27859983602986,4.278597441684853
32.0,rs,32,64,0.13360610211134977,4.2753952675631925,4.275392081037843,3.186525349363478e-06,-9.833200920184026e-11,4.414678288930584,4.160090135096811,4.240954458509313,4.259553593133115,4.272593618563884,4.274715925045625,4.275436436936211,4.275393431016615,4.275392080939511
36.0,rs,32,64,0.11873640673050723,4.27451064229826,4.274507464622962,3.177675298005056e-06,-2.9369440213145026e-09,4.414678288930584,4.174650275616417,4.246529674205307,4.262116725128795,4.272419955098786,4.274065800004636,4.2745343090808365,4.27450825527796,4.274507461686018
40.0,rs,32,64,0.10687313039271862,4.274925215708745,4.27492204375565,3.1719530948493002e-06,-2.932650566833672e-09,4.414678288930584,4.186967721635188,4.251659180365189,4.2649676377544665,4.273313254030159,4.274620142205319,4.274939133554512,4.274922526728041,4.274922040822999
44.0,rs,32,64,0.09718371814180665,4.2760835982394925,4.276080430081705,3.1681577876696565e-06,-2.3383517344655047e-09,4.414678288930584,4.197564781838533,4.256375198865807,4.267910759085121,4.274807962618751,4.275866357077293,4.276091769874007,4.276080736469607,4.276080427743353
48.0,rs,32,64,0.0891180894788768,4.2776682949860865,4.277665129388735,3.165597351362237e-06,-1.74259362495377e-09,4.414678288930584,4.206807931780606,4.260717480722273,4.2708415672746405,4.27663713413276,4.277508676376249,4.277672917882984,4.277665330337619,4.2776651276461415
56.0,rs,32,64,0.0764542236711136,4.281436525582361,4.281433362917729,3.162664632405665e-06,-9.22823595317368e-10,4.414678288930584,4.222227734134236,4.268435918941379,4.27646998993168,4.280727957419278,4.28134353693953,4.281437356155104,4.281433456949942,4.281433361994905
64.0,rs,32,64,0.06695996842084517,4.285437978934091,4.285434817608957,3.1613251341156e-06,-4.94572383047398e-10,4.414678288930584,4.234657278944959,4.275089440651209,4.2816652277595555,4.284925234117248,4.285379237776947,4.285437051330479,4.285434865817646,4.285434817114385
80.0,rs,32,64,0.05366374352987045,4.2930994823896365,4.293096321733853,3.160655783318589e-06,-1.5919976448230955e-10,4.414678288930584,4.253662602648173,4.286008332013174,4.2907135822467195,4.292799986315643,4.293071374307097,4.293097164540092,4.2930963372585245,4.293096321574653
96.0,rs,32,64,0.044790295683441075,4.299868385610344,4.299865224645046,3.160965297510643e-06,-5.983036288625954e-11,4.414678288930584,4.267691749782165,4.2946465242529985,4.298225929380247,4.2996748210947775,4.299852246291933,4.299865603563983,4.299865230720775,4.299865224585216
128.0,rs,32,64,0.033678422621984686,4.31083809561404,4.310834933456098,3.1621579417162593e-06,-1.163247276281254e-11,4.414678288930584,4.287384212013698,4.307600292866823,4.309925184694798,4.310740186284222,4.310830297217517,4.310835040305614,4.310834934815517,4.3108349334444656
192.0,rs,32,64,0.022530660260868238,4.325886770086702,4.325883605915401,3.1641713009733508e-06,-1.13509202037676e-12,4.414678288930584,4.310743110355595,4.324220497591012,4.325486008410058,4.32584823133869,4.325882515583649,4.3258836237256455,4.325883606075729,4.325883605914266
256.0,rs,32,64,0.01693680572710944,4.335822266140017,4.335819100695623,3.1654443937156884e-06,-2.673417043297377e-13,4.414678288930584,4.324667783937771,4.334775824364334,4.335597797752877,4.335801548150233,4.335818709371566,4.335819105670512,4.335819100730259,4.335819100695356
