R0,eta,m,reduced_RS_event_status,reduced_RS_half_tau,reduced_RS_advance,fresnel_event_status,fresnel_half_tau,fresnel_advance,exact_kz_event_status,exact_kz_half_tau,exact_kz_advance,exact_minus_fresnel_half_tau,exact_minus_fresnel_advance,exact_minus_reduced_RS_half_tau,exact_minus_reduced_RS_advance
16,0.2,1,defined,-0.04043396967873915,0.0,defined,-0.040433948187345595,0.0,defined,-0.040843482117434285,0.0,-0.0004095339300886902,0.0,-0.00040951243869513654,0.0
16,0.2,2,defined,-0.16520459594162584,0.1247706262628867,defined,-0.16520449579482926,0.12477054760748367,defined,-0.16561739983656554,0.12477391771913125,-0.0004129040417362728,3.3701116475826076e-06,-0.00041280389493969505,3.2914562445585105e-06
16,0.2,3,defined,-0.3130477596478085,0.2726137899690694,defined,-0.31304752268873803,0.27261357450139245,defined,-0.3134704382689604,0.27262695615152616,-0.00042291558022239384,1.3381650133703626e-05,-0.00042267862115191734,1.3166182456780806e-05
16,0.2,4,defined,-0.4828693886259901,0.44243541894725097,defined,-0.4828689345024387,0.4424349863150931,defined,-0.4833081599912665,0.4424646778738322,-0.0004392254888277991,2.9691558739108892e-05,-0.0004387713652763692,2.9258926581232636e-05
16,0.2,5,defined,-0.6723913179782773,0.6319573482995382,defined,-0.6723905438329315,0.6319565956455859,defined,-0.6728502101336294,0.6320067280161952,-0.00045966630069793624,5.0132370609246024e-05,-0.0004588921553521086,4.937971665697205e-05
16,0.2,6,defined,-0.8776252197726571,0.8371912500939179,defined,-0.8776240017729505,0.8371900535856049,defined,-0.8781044579547053,0.837260975837271,-0.00048045618175474036,7.092225166605015e-05,-0.0004792381820482028,6.972574335306625e-05
16,0.35,1,defined,-0.06658087975547444,0.0,defined,-0.066580856993816,0.0,defined,-0.0669879639238542,0.0,-0.00040710693003820353,0.0,-0.0004070841683797566,0.0
16,0.35,2,defined,-0.19186805079769534,0.1252871710422209,defined,-0.191867951010621,0.12528709401680502,defined,-0.19227497501137183,0.12528701108751764,-0.0004070240007508219,-8.292928738162786e-08,-0.0004069242136764961,-1.5995470326046757e-07
16,0.35,3,defined,-0.3377067060722996,0.27112582631682514,defined,-0.33770647291690514,0.27112561592308915,defined,-0.33811923705157965,0.27113127312772545,-0.0004127641346745037,5.6572046363001505e-06,-0.000412530979280068,5.446810900311405e-06
16,0.35,4,defined,-0.5035313744935188,0.43695049473804437,defined,-0.5035309343229526,0.4369500773291366,defined,-0.5039554261583253,0.43696746223447114,-0.00042449183537274227,1.7384905334538736e-05,-0.000424051664806524,1.6967496426767426e-05
16,0.35,5,defined,-0.6882700970457537,0.6216892172902793,defined,-0.6882693559398243,0.6216884989460083,defined,-0.6887105442072119,0.6217225802833577,-0.0004411882673875933,3.4081337349389784e-05,-0.00044044716145819063,3.3362993078434044e-05
16,0.35,6,defined,-0.889573925364108,0.8229930456086335,defined,-0.8895727669192997,0.8229919099254837,defined,-0.8900331675843703,0.8230452036605161,-0.00046040066507069266,5.329373503248913e-05,-0.00045924222026239025,5.215805188263367e-05
16,0.7,1,defined,-0.0789041007740243,0.0,defined,-0.07890407507309585,0.0,defined,-0.07930340158962712,0.0,-0.0003993265165312676,0.0,-0.0003993008156028266,0.0
16,0.7,2,defined,-0.21163377797858018,0.1327296772045559,defined,-0.2116336771483852,0.13272960207528936,defined,-0.21202594703012,0.1327225454404929,-0.00039226988173479693,-7.056634796470673e-06,-0.00039216905153982573,-7.131764063000867e-06
16,0.7,3,defined,-0.3593260420160135,0.28042194124198916,defined,-0.3593258118981144,0.2804217368250186,defined,-0.35971528832588995,0.2804118867362628,-0.0003894764277755369,-9.850088755758435e-06,-0.0003892463098764676,-1.0054505726331264e-05
16,0.7,4,defined,-0.522006261365489,0.4431021605914647,defined,-0.5220058384930449,0.4431017634199491,defined,-0.5223972091836214,0.4430938075939943,-0.0003913706905764869,-7.955825954808482e-06,-0.0003909478181324255,-8.352997470373325e-06
16,0.7,5,defined,-0.7000528035033816,0.6211487027293573,defined,-0.700052111229629,0.6211480361565331,defined,-0.7004501628248466,0.6211467612352195,-0.0003980515952176633,-1.2749213136320492e-06,-0.0003973593214650073,-1.941494137791544e-06
16,0.7,6,defined,-0.8934753390076628,0.8145712382336385,defined,-0.8934742824301006,0.8145702073570048,defined,-0.8938833830025631,0.814579981412936,-0.0004091005724624619,9.774055931166536e-06,-0.00040804399490024235,8.743179297443504e-06
192,0.2,1,defined,0.07907975988698279,0.0,defined,0.07907977043323977,0.0,defined,0.02057426467886952,0.0,-0.058505505754370246,0.0,-0.05850549520811327,0.0
192,0.2,2,defined,0.068620108599716,0.010459651287266794,defined,0.0686201115298023,0.010459658903437474,defined,0.010121412825930064,0.010452851852939458,-0.05849869870387223,-6.807050498016526e-06,-0.058498695773785934,-6.79943432733629e-06
192,0.2,3,defined,0.0568249409191247,0.022254818967858095,defined,0.056824927798222236,0.022254842635017535,defined,-0.0016713073592321652,0.022245572038101687,-0.058496235157454404,-9.270596915848806e-06,-0.058496248278356866,-9.246929756408229e-06
192,0.2,4,defined,0.04395031669442404,0.03512944319255875,defined,0.04395033181742308,0.03512943861581669,defined,-0.014548254712872969,0.03512251939174249,-0.05849858653029605,-6.919224074197761e-06,-0.058498571407297015,-6.923800816259484e-06
192,0.2,5,defined,0.030143901209192636,0.048935858677790156,defined,0.030143983476526165,0.048935786956713606,defined,-0.028362080638998897,0.04893634531786842,-0.05850606411552506,5.583611548121148e-07,-0.05850598184819153,4.866400782621572e-07
192,0.2,6,defined,0.015501651855100995,0.0635781080318818,defined,0.015501751294129725,0.06357801913911004,defined,-0.04301720207017046,0.06359146674903998,-0.058518953364300186,1.3447609929939652e-05,-0.05851885392527145,1.335871715818504e-05
192,0.35,1,defined,0.0923811710941288,0.0,defined,0.0923811733924913,0.0,defined,0.03389280872678524,0.0,-0.05848836466570606,0.0,-0.05848836236734356,0.0
192,0.35,2,defined,0.08175638641386729,0.010624784680261512,defined,0.08175639472570051,0.01062477866679079,defined,0.023285079207519765,0.010607729519265474,-0.058471315518180744,-1.70491475253165e-05,-0.05847130720634752,-1.7055160996037877e-05
192,0.35,3,defined,0.06985050887287342,0.022530662221255382,defined,0.06985052750250462,0.022530645889986683,defined,0.01139331868403146,0.02249949004275378,-0.05845720881847316,-3.115584723290335e-05,-0.05845719018884196,-3.117217850160184e-05
192,0.35,4,defined,0.056926636113317386,0.035454534980811414,defined,0.05692666911774147,0.03545450427474983,defined,-0.001520046279828935,0.035412855006614175,-0.0584467153975704,-4.164926813565728e-05,-0.05844668239314632,-4.1679974197239567e-05
192,0.35,5,defined,0.04313617076336873,0.04924500033076007,defined,0.04313622227901881,0.04924495111347249,defined,-0.015304043126889936,0.04919685185367517,-0.05844026540590874,-4.809925979731844e-05,-0.05844021389025866,-4.814847708489722e-05
192,0.35,6,defined,0.028577156947063646,0.06380401414706516,defined,0.028577231097619338,0.06380394229487196,defined,-0.029860963374936933,0.06375377210172217,-0.05843819447255627,-5.017019314978999e-05,-0.058438120322000575,-5.0242045342985264e-05
192,0.7,1,defined,0.18938712194021412,0.0,defined,0.1893871235963348,0.0,defined,0.130983971867075,0.0,-0.058403151729259806,0.0,-0.05840315007313912,0.0
192,0.7,2,defined,0.17763898106805986,0.011748140872154256,defined,0.17763898990716237,0.011748133689172435,defined,0.11927998336531709,0.011703988501757912,-0.05835900654184528,-4.414518741452378e-05,-0.058358997702742776,-4.415237039634423e-05
192,0.7,3,defined,0.16468352195694372,0.024703599983270402,defined,0.16468354119107528,0.024703582405259522,defined,0.10636896041938604,0.02461501144768896,-0.058314580771689245,-8.857095757056066e-05,-0.05831456153755768,-8.858853558144086e-05
192,0.7,4,defined,0.150818538500191,0.03856858344002312,defined,0.15081857215766403,0.03856855143867077,defined,0.09254737558695611,0.03843659628011889,-0.05827119657070792,-0.000131955158551883,-0.05827116291323489,-0.00013198715990422882
192,0.7,5,defined,0.1362142192954069,0.05317290264480723,defined,0.13621427138756004,0.05317285220877477,defined,0.07798471127916495,0.052999260587910046,-0.058229560108395084,-0.00017359162086472146,-0.05822950801624194,-0.00017364205689718304
192,0.7,6,defined,0.12097985727088367,0.06840726466933045,defined,0.12097993191647283,0.06840719167986198,defined,0.06278970519316873,0.06819426667390627,-0.058190226723304095,-0.00021292500595571084,-0.05819015207771494,-0.00021299799542418008
24,0.2,1,defined,-0.002776044999670546,0.0,defined,-0.002776030478113232,0.0,defined,-0.0036950232834728446,0.0,-0.0009189928053596128,0.0,-0.0009189782838022985,0.0
24,0.2,2,defined,-0.08566918593178618,0.08289314093211564,defined,-0.08566912004239868,0.08289308956428545,defined,-0.08659029255626527,0.08289526927279242,-0.000921172513866586,2.17970850696636e-06,-0.0009211066244790844,2.1283406767824697e-06
24,0.2,3,defined,-0.1818343743437596,0.17905832934408905,defined,-0.18183422315685605,0.17905819267874282,defined,-0.1827637798309495,0.17906875654747664,-0.0009295566740934458,1.0563868733826087e-05,-0.0009294054871898938,1.0427203387591844e-05
24,0.2,4,defined,-0.2902898953479752,0.2875138503483047,defined,-0.29028961740076975,0.2875135869226565,defined,-0.2912340856622384,0.2875390623787656,-0.0009444682614686561,2.5475456109091965e-05,-0.0009441903142631825,2.5212030460908252e-05
24,0.2,5,defined,-0.4102075247493048,0.40743147974963423,defined,-0.41020707214967334,0.4074310416715601,defined,-0.41117256871935015,0.40747754543587733,-0.0009654965696768159,4.650376431725167e-05,-0.0009650439700453761,4.606568624310192e-05
24,0.2,6,defined,-0.5403974048674107,0.5376213598677402,defined,-0.5403967215626386,0.5376206910845254,defined,-0.5413879497663875,0.5376929264829147,-0.0009912282037488618,7.22353983892976e-05,-0.000990544898976764,7.156661517448981e-05
24,0.35,1,defined,-0.018576705004113146,0.0,defined,-0.01857668955929106,0.0,defined,-0.019492555925588073,0.0,-0.0009158663662970148,0.0,-0.0009158509214749269,0.0
24,0.35,2,defined,-0.10196058968151105,0.08338388467739791,defined,-0.10196052374618692,0.08338383418689585,defined,-0.10287464185796544,0.08338208593237736,-0.0009141181117785224,-1.7482545184854814e-06,-0.0009140521764543913,-1.7987450205425581e-06
24,0.35,3,defined,-0.197165758698141,0.17858905369402786,defined,-0.19716560845585693,0.17858891889656586,defined,-0.1980833166472594,0.17859076072167132,-0.0009177081914024665,1.8418251054586054e-06,-0.0009175579491183805,1.7070276434605347e-06
24,0.35,4,defined,-0.30330563548501993,0.2847289304809068,defined,-0.3033053618761251,0.2847286723168341,defined,-0.3042324754517211,0.28473991952613303,-0.0009271135755959947,1.124720929895906e-05,-0.0009268399667011762,1.0989045226228455e-05
24,0.35,5,defined,-0.419843185405532,0.4012664804014189,defined,-0.4198427438959713,0.4012660543366803,defined,-0.4207851022820177,0.40129254635642964,-0.0009423583860463935,2.6492019749357887e-05,-0.0009419168764857044,2.6065955010756703e-05
24,0.35,6,defined,-0.5460897942860092,0.5275130892818961,defined,-0.5460891334462261,0.5275124438869351,defined,-0.5470519570672037,0.5275594011416156,-0.0009628236209775487,4.695725468051304e-05,-0.0009621627811944311,4.631185971948337e-05
24,0.7,1,defined,-0.002428400911926778,0.0,defined,-0.0024283833557293445,0.0,defined,-0.003333216342442831,0.0,-0.0009048329867134865,0.0,-0.0009048154305160531,0.0
24,0.7,2,defined,-0.09139191692619564,0.08896351601426886,defined,-0.09139185005075268,0.08896346669502334,defined,-0.09228654727047858,0.08895333092803576,-0.000894697219725904,-1.0135766987579009e-05,-0.0008946303442829429,-1.0185086233099883e-05
24,0.7,3,defined,-0.1889851253296767,0.18655672441774993,defined,-0.18898497522728575,0.1865565918715564,defined,-0.18987333510835525,0.18654011876591242,-0.0008883598810695004,-1.6473105643982633e-05,-0.0008882097786785392,-1.660565183750351e-05
24,0.7,4,defined,-0.29439780671508853,0.2919694058031618,defined,-0.2943975379228142,0.29196915456708483,defined,-0.2952838246018388,0.29195060825939595,-0.0008862866790245727,-1.8546307688882546e-05,-0.0008860178867502455,-1.8797543765824987e-05
24,0.7,5,defined,-0.4074193203291826,0.40499091941725585,defined,-0.407418894032635,0.4049905106769056,defined,-0.40830767862893025,0.4049744622864874,-0.0008887845962952667,-1.6048390418188507e-05,-0.0008883582997476491,-1.645713076842137e-05
24,0.7,6,defined,-0.5279664821335688,0.525538081221642,defined,-0.5279658552384476,0.5255374718827183,defined,-0.5288618341417481,0.5255286177993053,-0.0008959789033005094,-8.854083413001312e-06,-0.000895352008179362,-9.463422336764005e-06
256,0.9,1,defined,0.316954713364163,0.0,defined,0.31695467973757974,0.0,defined,0.21326141429841017,0.0,-0.10369326543916957,0.0,-0.10369329906575281,0.0
256,0.9,2,defined,0.3067193301817701,0.010235383182392865,defined,0.3067193384203505,0.010235341317229252,defined,0.20310477638996305,0.01015663790844712,-0.10361456203038744,-7.870340878213256e-05,-0.10361455379180706,-7.874527394574615e-05
256,0.9,3,defined,0.2955309035736311,0.021423809790531878,defined,0.29553091926000663,0.021423760477573106,defined,0.19199851998356984,0.021262894314840325,-0.10353239927643679,-0.0001608661627327812,-0.10353238359006126,-0.00016091547569155318
256,0.9,4,defined,0.2836586747130208,0.03329603865114217,defined,0.28365870148190364,0.033295978255676095,defined,0.18020973722628986,0.03305167707212031,-0.10344896425561378,-0.000244301183555784,-0.10344893748673095,-0.00024436157902185673
256,0.9,5,defined,0.2712569959311093,0.045697717433053675,defined,0.2712570361761045,0.04569764356147521,defined,0.167891475103215,0.045369939195195164,-0.10336556107288952,-0.00032770436628004607,-0.1033655208278943,-0.00032777823785851146
256,0.9,6,defined,0.2584250512075579,0.0585296621566051,defined,0.2584251087990692,0.05852957093851052,defined,0.15514214449741015,0.05811926980100002,-0.10328296430165906,-0.0004103011375105048,-0.10328290671014773,-0.0004103923556050826
256,1.0,1,defined,0.4033284617639712,0.0,defined,0.40332858164452934,0.0,defined,0.299907713565413,0.0,-0.10342086807911632,0.0,-0.10342074819855818,0.0
256,1.0,2,defined,0.3910181032766388,0.012310358487332418,defined,0.391018112709698,0.012310468934831342,defined,0.2876734018911724,0.012234311674240606,-0.10334471081852559,-7.61572605907368e-05,-0.10334470138546636,-7.604681309181238e-05
256,1.0,3,defined,0.37787532444329636,0.025453137320674835,defined,0.37787534142375884,0.0254532402207705,defined,0.2746190804452348,0.025288633120178206,-0.10325626097852403,-0.00016460710059229555,-0.10325624399806155,-0.00016450420049662906
256,1.0,4,defined,0.3641750814045437,0.0391533803594275,defined,0.3641751096037548,0.03915347204077452,defined,0.26101224922446353,0.03889546434094948,-0.10316286037929129,-0.0002580076998250358,-0.10316283218008016,-0.0002579160184780216
256,1.0,5,defined,0.3500680985133353,0.05326036325063588,defined,0.35006813969720074,0.053260441947328596,defined,0.2470006284253551,0.0529070851400579,-0.10306751127184563,-0.00035335680727069385,-0.1030674700879802,-0.00035327811057797587
256,1.0,6,defined,0.3356468604267264,0.06768160133724477,defined,0.3356469188547199,0.06768166278980942,defined,0.23267511892837928,0.06723259463703374,-0.10297179992634065,-0.0004490681527756779,-0.10297174149834715,-0.00044900670021102984
56,0.2,1,defined,0.04606979890723479,0.0,defined,0.04606980556405407,0.0,defined,0.04108336196518531,0.0,-0.00498644359886876,0.0,-0.004986436942049477,0.0
56,0.2,2,defined,0.010442556203618688,0.0356272427036161,defined,0.010442584442277525,0.03562722112177655,defined,0.005456753690981622,0.03562660827420369,-0.004985830751295903,-6.128475728561789e-07,-0.004985802512637067,-6.344294124077665e-07
56,0.2,3,defined,-0.030043678999384316,0.0761134779066191,defined,-0.03004361549543722,0.07611342105949129,defined,-0.03503422517148169,0.076117587136667,-0.00499060967604447,4.166077175710159e-06,-0.0049905461720973765,4.109230047899537e-06
56,0.2,4,defined,-0.07470823627430823,0.12077803518154301,defined,-0.07470812294722207,0.12077792851127614,defined,-0.07970935760585529,0.1207927195710406,-0.005001234658633225,1.4791059764457382e-05,-0.005001121331547065,1.468438949758788e-05
56,0.2,5,defined,-0.12318732460094972,0.1692571235081845,defined,-0.12318714628215266,0.16925695184620673,defined,-0.1282051952258333,0.1692885571910186,-0.005018048943680631,3.160534481186361e-05,-0.005017870624883569,3.14336828340922e-05
56,0.2,6,defined,-0.1752422973589366,0.22131209626617138,defined,-0.17524203821735396,0.22131184378140803,defined,-0.18028326311275233,0.22136662507793764,-0.005041224895398377,5.478129652961017e-05,-0.00504096575381574,5.452881176626345e-05
56,0.35,1,defined,0.04588613638140715,0.0,defined,0.045886143453702816,0.0,defined,0.04090559783012983,0.0,-0.004980545623572988,0.0,-0.004980538551277322,0.0
56,0.35,2,defined,0.009884056388916915,0.036002079992490235,defined,0.009884084717158799,0.03600205873654402,defined,0.004909740045520826,0.035995857784609,-0.004974344671637973,-6.200951935014798e-06,-0.004974316343396089,-6.222207881233233e-06
56,0.35,3,defined,-0.030568085573025927,0.07645422195443308,defined,-0.03056802204791175,0.07645416550161457,defined,-0.03554060757869326,0.07644620540882309,-0.004972585530781511,-7.96009279148413e-06,-0.004972522005667335,-8.016545609987324e-06
56,0.35,4,defined,-0.07477459853852009,0.12066073491992724,defined,-0.0747744854162179,0.12066062886992071,defined,-0.0797502651940788,0.12065586302420862,-0.0049757797778609,-4.765845712087491e-06,-0.004975666655558708,-4.871895718613906e-06
56,0.35,5,defined,-0.12237591532555603,0.16826205170696318,defined,-0.12237573781995781,0.16826188127366062,defined,-0.12736003691603903,0.16826563474616885,-0.004984299096081224,3.753472508222222e-06,-0.004984121590483004,3.583039205667937e-06
56,0.35,6,defined,-0.17315381085130388,0.21903994723271103,defined,-0.17315355387886922,0.21903969733257203,defined,-0.17815197892040868,0.2190575767505385,-0.004998425041539467,1.7879417966465416e-05,-0.0049981680691048025,1.762951782746658e-05
56,0.7,1,defined,0.10521342828717646,0.0,defined,0.10521343633030138,0.0,defined,0.10025756080588806,0.0,-0.004955875524413317,0.0,-0.004955867481288401,0.0
56,0.7,2,defined,0.06615720145894433,0.039056226828232135,defined,0.06615723038176657,0.0390562059485348,defined,0.061220807018956706,0.039036753786931354,-0.004936423362809868,-1.9452161603449036e-05,-0.0049363944399876195,-1.9473041300781258e-05
56,0.7,3,defined,0.023505787852497018,0.08170764043467944,defined,0.02350585211937506,0.08170758421092632,defined,0.018586232826453327,0.08167132797943473,-0.004919619292921732,-3.625623149158819e-05,-0.004919555026043691,-3.6312455244713604e-05
56,0.7,4,defined,-0.021975697407575545,0.127189125694752,defined,-0.02197558400000032,0.1271890203303017,defined,-0.026881676456566472,0.12713923726245452,-0.004906092456566154,-4.9783067847170015e-05,-0.004905979048990927,-4.988843229747353e-05
56,0.7,5,defined,-0.0699117854738893,0.17512521376106577,defined,-0.06991160876378986,0.17512504509409124,defined,-0.07480784783319513,0.1750654086390832,-0.00489623906940527,-5.963645500803305e-05,-0.004896062359305828,-5.980512198255905e-05
56,0.7,6,defined,-0.12009856316552635,0.2253119914527028,defined,-0.12009830876436434,0.22531174509466573,defined,-0.1249886405490571,0.22524620135494516,-0.004890331784692767,-6.554373972056382e-05,-0.004890077383530755,-6.579009775764533e-05
96,0.2,1,defined,0.0641813295910505,0.0,defined,0.06418133327398576,0.0,defined,0.049544198254082406,0.0,-0.014637135019903352,0.0,-0.01463713133696809,0.0
96,0.2,2,defined,0.04333395893789263,0.020847370653157865,defined,0.04333397573888775,0.020847357535098004,defined,0.02869972897028683,0.020844469283795575,-0.014634246768600923,-2.8882513024297563e-06,-0.0146342299676058,-2.9013693622903514e-06
96,0.2,3,defined,0.019763799270950632,0.04441753032009986,defined,0.019763837601084144,0.04441749567290161,defined,0.005127530797139235,0.04441666745694317,-0.014636306803944909,-8.282159584399595e-07,-0.014636268473811397,-8.628631566892642e-07
96,0.2,4,defined,-0.006066996561124527,0.07024832615217502,defined,-0.00606693086974619,0.07024826414373195,defined,-0.020710661650092166,0.07025485990417457,-0.014643730780345976,6.595760442623666e-06,-0.014643665088967639,6.533751999548976e-06
96,0.2,5,defined,-0.03390285233582391,0.0980841819268744,defined,-0.033902749773715324,0.09808408304770108,defined,-0.048559613843120804,0.0981038120972032,-0.01465686406940548,1.9729049502120732e-05,-0.014656761507296896,1.9630170328799323e-05
96,0.2,6,defined,-0.06358288768725817,0.12776421727830867,defined,-0.06358273932587133,0.1277640725998571,defined,-0.07825872025914371,0.12780291851322612,-0.014675980933272381,3.884591336902887e-05,-0.014675832571885539,3.87012349174487e-05
96,0.35,1,defined,0.0709334610758196,0.0,defined,0.07093346570880232,0.0,defined,0.05630558841006583,0.0,-0.014627877298736491,0.0,-0.014627872665753772,0.0
96,0.35,2,defined,0.04981271848778024,0.021120742588039365,defined,0.04981273501581264,0.021120730692989684,defined,0.03519497464779654,0.02111061376226929,-0.014617760368016097,-1.0116930720394102e-05,-0.014617743839983696,-1.0128825770075456e-05
96,0.35,3,defined,0.026143170533026037,0.04479029054279357,defined,0.026143207637669617,0.04479025807113271,defined,0.011531707969088645,0.04477388044097719,-0.014611499668580972,-1.637763015552296e-05,-0.014611462563937392,-1.6410101816383138e-05
96,0.35,4,defined,0.0003995266539141949,0.0705339344219054,defined,0.00039959258524973625,0.07053387312355258,defined,-0.014210031443442855,0.07051561985350868,-0.014609624028692592,-1.825327004389976e-05,-0.01460955809735705,-1.8314568396723963e-05
96,0.35,5,defined,-0.02715767014128767,0.09809113121710727,defined,-0.0271575671364358,0.09809103284523812,defined,-0.041770091243376495,0.09807567965344233,-0.014612524106940694,-1.5353191795797194e-05,-0.014612421102088824,-1.545156366494771e-05
96,0.35,6,defined,-0.05636711089704649,0.1273005719728661,defined,-0.056366962467442175,0.12730042817624448,defined,-0.07098746774998,0.12729305616004583,-0.014620505282537818,-7.372016198659015e-06,-0.014620356852933503,-7.51581282026903e-06
96,0.7,1,defined,0.1495800990916436,0.0,defined,0.14958010696402038,0.0,defined,0.13499445502702065,0.0,-0.014585651936999733,0.0,-0.014585644064622955,0.0
96,0.7,2,defined,0.1264528337148335,0.02312726537681009,defined,0.1264528508543046,0.023127256109715777,defined,0.11189542545503474,0.02309902957198591,-0.014557425399269866,-2.822653772986683e-05,-0.014557408259798774,-2.8235804824180977e-05
96,0.7,3,defined,0.10110620954829663,0.04847388954334697,defined,0.10110624740738187,0.04847385955663851,defined,0.08657542158323538,0.04841903344378527,-0.014530825824146498,-5.4826112853234577e-05,-0.014530787965061256,-5.4856099561698124e-05
96,0.7,4,defined,0.07407227623662549,0.07550782285501811,defined,0.07407234273846502,0.07550776422555536,defined,0.05956564079020121,0.07542881423681944,-0.014506701948263812,-7.89499887359213e-05,-0.014506635446424276,-7.900861819867822e-05
96,0.7,5,defined,0.04563786086325072,0.10394223822839288,defined,0.045637964197771,0.10394214276624938,defined,0.03115241231580068,0.10384204271121997,-0.014485551881970316,-0.00010010005502941732,-0.014485448547450042,-0.00010019551717291297
96,0.7,6,defined,0.015975678414708705,0.1336044206769349,defined,0.01597582679893665,0.13360428016508374,defined,0.0015081096349058853,0.13348634539211476,-0.014467717164030766,-0.00011793477296898058,-0.01446756877980282,-0.00011807528482013496
