scenario,m,estimator,Delta_ideal_mm,Delta_detector_mm,Delta_estimator0_mm,Delta_random_mean_mm,total_bias_mm,validation_extraction_rate,sign_recovery_all,sign_recovery_conditional,calibrated_95_CI_width_mm,coverage_ideal_all,coverage_ideal_conditional
counting_only,2,known_peak_location_assisted,0.14999681558096656,0.13718611011017623,0.13725461051245794,0.1466263103083963,-0.0033705052725702678,1.0,0.654,0.654,1.4361553465482986,0.952,0.952
counting_only,3,known_peak_location_assisted,0.31438775626348736,0.3118612008897338,0.3118916358249223,0.32902169190401187,0.014633935640524509,1.0,0.8143333333333334,0.8143333333333334,1.4055707385715106,0.945,0.945
counting_only,4,known_peak_location_assisted,0.4897221005238716,0.4842474683148709,0.48423739498684454,0.5042670607955644,0.014544960271692775,1.0,0.9123333333333333,0.9123333333333333,1.3509724936755296,0.9373333333333334,0.9373333333333334
counting_only,2,current_blind,0.14999681558096656,0.13718611011017623,0.13725461051245794,0.15893727744440472,0.008940461863438165,1.0,0.6886666666666666,0.6886666666666666,1.3324262623063547,0.9516666666666667,0.9516666666666667
counting_only,3,current_blind,0.31438775626348736,0.3118612008897338,0.3118916358249223,0.3478878695043413,0.033500113240853946,1.0,0.851,0.851,1.295547295719002,0.95,0.95
counting_only,4,current_blind,0.4897221005238716,0.4842474683148709,0.48423739498684454,0.5167779987836933,0.027055898259821742,1.0,0.9403333333333334,0.9403333333333334,1.2722075835912492,0.944,0.944
counting_only,2,wide_blind,0.14999681558096656,0.13718611011017623,0.13525623930668673,0.13706191356348496,-0.012934902017481598,1.0,0.7266666666666667,0.7266666666666667,0.8400126785629927,0.9463333333333334,0.9463333333333334
counting_only,3,wide_blind,0.31438775626348736,0.3118612008897338,0.3099754539493481,0.31815970750591394,0.0037719512424265744,1.0,0.9343333333333333,0.9343333333333333,0.8264949649730146,0.9496666666666667,0.9496666666666667
counting_only,4,wide_blind,0.4897221005238716,0.4842474683148709,0.48193792090208476,0.4831131891208444,-0.006608911403027218,1.0,0.9896666666666667,0.9896666666666667,0.7983760783135246,0.9346666666666666,0.9346666666666666
counting_read_background,2,known_peak_location_assisted,0.14999681558096656,0.13718611011017723,0.13725461051245866,-0.19850155828964133,-0.3484983738706079,1.0,0.44433333333333336,0.44433333333333336,5.514408431248515,0.945,0.945
counting_read_background,3,known_peak_location_assisted,0.31438775626348736,0.31186120088973657,0.31189163582492246,-0.3228796520191097,-0.6372674082825971,1.0,0.42933333333333334,0.42933333333333334,6.498122106580156,0.9393333333333334,0.9393333333333334
counting_read_background,4,known_peak_location_assisted,0.4897221005238716,0.48424746831487137,0.48423739498684465,-0.5795797849695246,-1.0693018854933962,1.0,0.39166666666666666,0.39166666666666666,7.134822752721637,0.9043333333333333,0.9043333333333333
counting_read_background,2,current_blind,0.14999681558096656,0.13718611011017723,0.13725461051245866,-0.29887952975321014,-0.4488763453341767,1.0,0.41333333333333333,0.41333333333333333,5.247269893496529,0.945,0.945
counting_read_background,3,current_blind,0.31438775626348736,0.31186120088973657,0.31189163582492246,-0.7141409452288942,-1.0285287014923816,1.0,0.33,0.33,5.993509314366138,0.8966666666666666,0.8966666666666666
counting_read_background,4,current_blind,0.4897221005238716,0.48424746831487137,0.48423739498684465,-1.1584369923303994,-1.648159092854271,1.0,0.268,0.268,7.23818697604236,0.866,0.866
counting_read_background,2,wide_blind,0.14999681558096656,0.13718611011017723,0.13525623930668818,0.038570034091357085,-0.11142678148960947,1.0,0.509,0.509,3.856338255373753,0.954,0.954
counting_read_background,3,wide_blind,0.31438775626348736,0.31186120088973657,0.3099754539493484,0.06340204741899329,-0.25098570884449406,1.0,0.5316666666666666,0.5316666666666666,4.105037369268722,0.9453333333333334,0.9453333333333334
counting_read_background,4,wide_blind,0.4897221005238716,0.48424746831487137,0.48193792090208487,0.13158368556172723,-0.3581384149621444,1.0,0.5513333333333333,0.5513333333333333,4.472504816760399,0.9446666666666667,0.9446666666666667
