tag,R0,eta,Nincident,m,estimator,Delta_ideal_mm,Delta_detector_mm,Delta_estimator0_mm,Delta_random_mean_mm,imaging_bias_mm,deterministic_estimator_bias_mm,random_bias_from_estimator0_mm,total_bias_vs_ideal_mm,calibration_pair_extraction_rate,validation_pair_extraction_rate,calibrated_delta_sd_mm,calibrated_95_CI_width_mm,coverage_ideal_all,coverage_ideal_conditional,coverage_detector_all,coverage_detector_conditional,sign_recovery_all,sign_recovery_conditional,validation_extracted_pairs,validation_replicates,calibration_cross_order_covariance_mm2
R24_eta0.35_N1e+06,24,0.35,1000000.0,2,known_peak_location_assisted,1.0816079608721432,1.0783001084971322,1.0786702125702432,1.0802273176954424,-0.0033078523750109667,0.00037010407311099947,0.001557105125199243,-0.0013806431767007243,1.0,1.0,0.047981162840959095,0.18808270220925755,0.9383333333333334,0.9383333333333334,0.9376666666666666,0.9376666666666666,1.0,1.0,3000,3000,0.0003941246078268929
R24_eta0.35_N1e+06,24,0.35,1000000.0,3,known_peak_location_assisted,2.316554846867697,2.3186061546482617,2.313710167312742,2.3136841670998916,0.002051307780564837,-0.00489598733551988,-2.6000212850263438e-05,-0.0028706797678053064,1.0,1.0,0.05479214852237854,0.21478127547885706,0.952,0.952,0.95,0.95,1.0,1.0,3000,3000,0.00031103035592393167
R24_eta0.35_N1e+06,24,0.35,1000000.0,4,known_peak_location_assisted,3.6933404948718715,3.700357345368103,3.696881506771517,3.6977835868291997,0.007016850496231353,-0.003475838596585845,0.0009020800576826637,0.004443091957328171,1.0,1.0,0.060629748720109095,0.23766424776624798,0.9493333333333334,0.9493333333333334,0.95,0.95,1.0,1.0,3000,3000,0.0002717627658281895
R24_eta0.35_N1e+06,24,0.35,1000000.0,2,current_blind,1.0816079608721432,1.0783001084971322,1.0786702125702432,1.0796580571840997,-0.0033078523750109667,0.00037010407311099947,0.0009878446138564811,-0.0019499036880434861,1.0,1.0,0.047234394775354696,0.1851554251824791,0.9393333333333334,0.9393333333333334,0.9403333333333334,0.9403333333333334,1.0,1.0,3000,3000,0.00039512348239181605
R24_eta0.35_N1e+06,24,0.35,1000000.0,3,current_blind,2.316554846867697,2.3186061546482617,2.313710167312742,2.312281669042265,0.002051307780564837,-0.00489598733551988,-0.0014284982704766414,-0.004273177825431684,1.0,1.0,0.05369437889413602,0.21047809760950265,0.9493333333333334,0.9493333333333334,0.9493333333333334,0.9493333333333334,1.0,1.0,3000,3000,0.0003175727394355177
R24_eta0.35_N1e+06,24,0.35,1000000.0,4,current_blind,3.6933404948718715,3.700357345368103,3.696881506771517,3.6944742402914743,0.007016850496231353,-0.003475838596585845,-0.002407266480042747,0.0011337454196027608,1.0,1.0,0.05923305963236321,0.23218932714708404,0.949,0.949,0.9456666666666667,0.9456666666666667,1.0,1.0,3000,3000,0.00027711632573135063
R24_eta0.35_N1e+06,24,0.35,1000000.0,2,wide_blind,1.0816079608721432,1.0783001084971322,1.0807755191177122,1.0819436743801343,-0.0033078523750109667,0.0024754106205799875,0.0011681552624220881,0.0003357135079911089,1.0,1.0,0.030605629154387987,0.11997186173357574,0.9556666666666667,0.9556666666666667,0.948,0.948,1.0,1.0,3000,3000,0.00036188440787120467
R24_eta0.35_N1e+06,24,0.35,1000000.0,3,wide_blind,2.316554846867697,2.3186061546482617,2.3146429285935444,2.314713016134103,0.002051307780564837,-0.003963226054717328,7.008754055881639e-05,-0.0018418307335936746,1.0,1.0,0.03353272682595616,0.13144587376458478,0.9496666666666667,0.9496666666666667,0.9506666666666667,0.9506666666666667,1.0,1.0,3000,3000,0.00036970073808489153
R24_eta0.35_N1e+06,24,0.35,1000000.0,4,wide_blind,3.6933404948718715,3.700357345368103,3.693517585381606,3.694398806909481,0.007016850496231353,-0.006839759986497107,0.0008812215278752866,0.0010583120376095323,1.0,1.0,0.03755823071985419,0.1472255590679161,0.9516666666666667,0.9516666666666667,0.9513333333333334,0.9513333333333334,1.0,1.0,3000,3000,0.0003141411398382735
R24_eta0.7_N1e+06,24,0.7,1000000.0,2,known_peak_location_assisted,1.1539837406291058,1.1444097820884667,1.1425709475389796,1.1411108231619127,-0.009573958540639138,-0.0018388345494870784,-0.0014601243770668848,-0.012872917467193101,1.0,1.0,0.10758556223106608,0.4217276544587528,0.948,0.948,0.95,0.95,1.0,1.0,3000,3000,0.00020867017764657358
R24_eta0.7_N1e+06,24,0.7,1000000.0,3,known_peak_location_assisted,2.419906904855008,2.4207152248728363,2.407526995525074,2.414373131282705,0.0008083200178283789,-0.013188229347762093,0.006846135757630822,-0.005533773572302891,1.0,1.0,0.12225317661515854,0.479223646322637,0.945,0.945,0.9456666666666667,0.9456666666666667,1.0,1.0,3000,3000,0.0004642492797102731
R24_eta0.7_N1e+06,24,0.7,1000000.0,4,known_peak_location_assisted,3.787259790900688,3.828065337642262,3.7896328072460164,3.8074774883675686,0.040805546741573995,-0.038432530396245834,0.01784468112155224,0.020217697466880402,1.0,1.0,0.14738963730360005,0.5777567616189387,0.9496666666666667,0.9496666666666667,0.9566666666666667,0.9566666666666667,1.0,1.0,3000,3000,0.0001793441001030762
R24_eta0.7_N1e+06,24,0.7,1000000.0,2,current_blind,1.1539837406291058,1.1444097820884667,1.1425709475389796,1.1411266493472545,-0.009573958540639138,-0.0018388345494870784,-0.0014442981917250908,-0.012857091281851307,1.0,1.0,0.1045094558386229,0.409669538975149,0.9506666666666667,0.9506666666666667,0.9533333333333334,0.9533333333333334,1.0,1.0,3000,3000,0.00019245376521386006
R24_eta0.7_N1e+06,24,0.7,1000000.0,3,current_blind,2.419906904855008,2.4207152248728363,2.407526995525074,2.3984762895993814,0.0008083200178283789,-0.013188229347762093,-0.009050705925692792,-0.021430615255626506,1.0,1.0,0.11472210885898701,0.44970240318818366,0.938,0.938,0.938,0.938,1.0,1.0,3000,3000,0.0005248015634676012
R24_eta0.7_N1e+06,24,0.7,1000000.0,4,current_blind,3.787259790900688,3.828065337642262,3.7896328072460164,3.7673195259478436,0.040805546741573995,-0.038432530396245834,-0.022313281298172782,-0.019940264952844622,1.0,1.0,0.14408046747224004,0.564785054242555,0.9516666666666667,0.9516666666666667,0.9356666666666666,0.9356666666666666,1.0,1.0,3000,3000,-6.656333812461545e-06
R24_eta0.7_N1e+06,24,0.7,1000000.0,2,wide_blind,1.1539837406291058,1.1444097820884667,1.1588161257816314,1.1580309884985118,-0.009573958540639138,0.014406343693164736,-0.0007851372831195746,0.004047247869406023,1.0,1.0,0.06186934885980426,0.24252339102431453,0.948,0.948,0.94,0.94,1.0,1.0,3000,3000,0.0004617383508681878
R24_eta0.7_N1e+06,24,0.7,1000000.0,3,wide_blind,2.419906904855008,2.4207152248728363,2.4178353061463143,2.4147020174089495,0.0008083200178283789,-0.002879918726522046,-0.0031332887373647367,-0.005204887446058404,1.0,1.0,0.07130309243695448,0.2795029863255145,0.9436666666666667,0.9436666666666667,0.9436666666666667,0.9436666666666667,1.0,1.0,3000,3000,0.00033188933156216225
R24_eta0.7_N1e+06,24,0.7,1000000.0,4,wide_blind,3.787259790900688,3.828065337642262,3.7882148090248866,3.7865214100491844,0.040805546741573995,-0.03985052861737559,-0.0016933989757021983,-0.0007383808515037948,1.0,1.0,0.08375496752768817,0.32831343976117205,0.9353333333333333,0.9353333333333333,0.9143333333333333,0.9143333333333333,1.0,1.0,3000,3000,0.0004041033484982731
R96_eta0.35_N1e+06,96,0.35,1000000.0,2,known_peak_location_assisted,0.1369830837885327,0.131827926715818,0.131856625081737,0.12835076910867346,-0.005155157072714689,2.8698365919010982e-05,-0.0035058559730635486,-0.008632314679859227,1.0,1.0,0.13880645077855813,0.5441112886955964,0.947,0.947,0.947,0.947,0.8193333333333334,0.8193333333333334,3000,3000,0.0007143691011000739
R96_eta0.35_N1e+06,96,0.35,1000000.0,3,known_peak_location_assisted,0.2904969887664245,0.2913620810761781,0.29068774197100705,0.28532993981375343,0.0008650923097536234,-0.0006743391051710623,-0.005357802157253622,-0.005167048952671061,1.0,1.0,0.1483202039840657,0.58140451597679,0.9526666666666667,0.9526666666666667,0.9523333333333334,0.9523333333333334,0.9746666666666667,0.9746666666666667,3000,3000,0.0004754076136672653
R96_eta0.35_N1e+06,96,0.35,1000000.0,4,known_peak_location_assisted,0.4574628855295214,0.4564998775405354,0.4554060389752207,0.450836100156315,-0.0009630079889860199,-0.0010938385653146976,-0.004569938818905717,-0.006626785373206434,1.0,1.0,0.15614681767875335,0.6120842779017807,0.941,0.941,0.9413333333333334,0.9413333333333334,0.9983333333333333,0.9983333333333333,3000,3000,0.0004692493881489941
R96_eta0.35_N1e+06,96,0.35,1000000.0,2,current_blind,0.1369830837885327,0.131827926715818,0.131856625081737,0.12715085127246567,-0.005155157072714689,2.8698365919010982e-05,-0.004705773809271341,-0.009832232516067019,1.0,1.0,0.129530181498465,0.5077489812958418,0.9456666666666667,0.9456666666666667,0.945,0.945,0.8343333333333334,0.8343333333333334,3000,3000,0.0005081531805243959
R96_eta0.35_N1e+06,96,0.35,1000000.0,3,current_blind,0.2904969887664245,0.2913620810761781,0.29068774197100705,0.27886221282497226,0.0008650923097536234,-0.0006743391051710623,-0.011825529146034797,-0.011634775941452236,1.0,1.0,0.13970549526953924,0.5476354783412405,0.9466666666666667,0.9466666666666667,0.9463333333333334,0.9463333333333334,0.9763333333333334,0.9763333333333334,3000,3000,0.0005522944780092334
R96_eta0.35_N1e+06,96,0.35,1000000.0,4,current_blind,0.4574628855295214,0.4564998775405354,0.4554060389752207,0.4422128134754365,-0.0009630079889860199,-0.0010938385653146976,-0.013193225499784189,-0.015250072054084907,1.0,1.0,0.14794603231602188,0.5799377899899877,0.941,0.941,0.941,0.941,0.9983333333333333,0.9983333333333333,3000,3000,0.00018889435061518166
R96_eta0.35_N1e+06,96,0.35,1000000.0,2,wide_blind,0.1369830837885327,0.131827926715818,0.13084508676930995,0.1306975214718836,-0.005155157072714689,-0.0009828399465080517,-0.00014756529742634972,-0.00628556231664909,1.0,1.0,0.08080471970973788,0.3167486808238715,0.9456666666666667,0.9456666666666667,0.9456666666666667,0.9456666666666667,0.943,0.943,3000,3000,0.0005223575420285766
R96_eta0.35_N1e+06,96,0.35,1000000.0,3,wide_blind,0.2904969887664245,0.2913620810761781,0.2889563841533859,0.2859131355261385,0.0008650923097536234,-0.0024056969227921887,-0.003043248627247419,-0.004583853240285984,1.0,1.0,0.08584669531464964,0.3365128620169841,0.95,0.95,0.95,0.95,0.9993333333333333,0.9993333333333333,3000,3000,0.00070058049098267
R96_eta0.35_N1e+06,96,0.35,1000000.0,4,wide_blind,0.4574628855295214,0.4564998775405354,0.45497684360163293,0.45211238415187566,-0.0009630079889860199,-0.0015230339389024627,-0.002864459449757273,-0.0053505013776457555,1.0,1.0,0.09156435251581034,0.3589256663974256,0.9433333333333334,0.9433333333333334,0.9426666666666667,0.9426666666666667,1.0,1.0,3000,3000,0.0004948610179556159
R96_eta0.7_N1e+06,96,0.7,1000000.0,2,known_peak_location_assisted,0.14999681558096656,0.13718611011017723,0.13725461051245866,-0.11925299053453686,-0.01281070547078933,6.85004022814295e-05,-0.25650760104699555,-0.2692498061155034,1.0,1.0,1.4371489231394712,5.633520259547616,0.9426666666666667,0.9426666666666667,0.943,0.943,0.4736666666666667,0.4736666666666667,3000,3000,0.016479339189589656
R96_eta0.7_N1e+06,96,0.7,1000000.0,3,known_peak_location_assisted,0.31438775626348736,0.31186120088973657,0.31189163582492246,-0.3146520403290688,-0.002526555373750794,3.0434935185896794e-05,-0.6265436761539913,-0.6290397965925562,1.0,1.0,1.620225586601955,6.351167593140054,0.9363333333333334,0.9363333333333334,0.9366666666666666,0.9366666666666666,0.4266666666666667,0.4266666666666667,3000,3000,-0.020293162267952053
R96_eta0.7_N1e+06,96,0.7,1000000.0,4,known_peak_location_assisted,0.4897221005238716,0.48424746831487137,0.48423739498684465,-0.5902875620549245,-0.005474632209000241,-1.0073328026716233e-05,-1.0745249570417692,-1.080009662578796,1.0,1.0,1.8732918412463153,7.343169082750803,0.9163333333333333,0.9163333333333333,0.9166666666666666,0.9166666666666666,0.38433333333333336,0.38433333333333336,3000,3000,0.046857421974622115
R96_eta0.7_N1e+06,96,0.7,1000000.0,2,current_blind,0.14999681558096656,0.13718611011017723,0.13725461051245866,-0.30485917248194366,-0.01281070547078933,6.85004022814295e-05,-0.4421137829944023,-0.4548559880629102,1.0,1.0,1.2840413806045368,5.033349721287822,0.925,0.925,0.9266666666666666,0.9266666666666666,0.42033333333333334,0.42033333333333334,3000,3000,0.026986408783269904
R96_eta0.7_N1e+06,96,0.7,1000000.0,3,current_blind,0.31438775626348736,0.31186120088973657,0.31189163582492246,-0.7152319039174526,-0.002526555373750794,3.0434935185896794e-05,-1.027123539742375,-1.02961966018094,1.0,1.0,1.5750126418772274,6.173936106549126,0.9126666666666666,0.9126666666666666,0.9126666666666666,0.9126666666666666,0.31966666666666665,0.31966666666666665,3000,3000,-0.01075312784208277
R96_eta0.7_N1e+06,96,0.7,1000000.0,4,current_blind,0.4897221005238716,0.48424746831487137,0.48423739498684465,-1.2427556325254525,-0.005474632209000241,-1.0073328026716233e-05,-1.726993027512297,-1.7324777330493242,1.0,1.0,1.8509608668705047,7.255633271718254,0.8643333333333333,0.8643333333333333,0.865,0.865,0.257,0.257,3000,3000,-0.016647643604046147
R96_eta0.7_N1e+06,96,0.7,1000000.0,2,wide_blind,0.14999681558096656,0.13718611011017723,0.13525623930668818,0.048107071776479195,-0.01281070547078933,-0.0019298708034890533,-0.08714916753020899,-0.10188974380448737,1.0,1.0,0.953476527038867,3.7375593062009176,0.9526666666666667,0.9526666666666667,0.952,0.952,0.5086666666666667,0.5086666666666667,3000,3000,0.00324412121337726
R96_eta0.7_N1e+06,96,0.7,1000000.0,3,wide_blind,0.31438775626348736,0.31186120088973657,0.3099754539493484,0.07112755080026252,-0.002526555373750794,-0.0018857469403881777,-0.23884790314908588,-0.24326020546322485,1.0,1.0,1.0794496622916032,4.231364922430816,0.9483333333333334,0.9483333333333334,0.9483333333333334,0.9483333333333334,0.525,0.525,3000,3000,-0.024312009143244103
R96_eta0.7_N1e+06,96,0.7,1000000.0,4,wide_blind,0.4897221005238716,0.48424746831487137,0.48193792090208487,0.13489078852548173,-0.005474632209000241,-0.0023095474127864946,-0.3470471323766031,-0.3548313119983899,1.0,1.0,1.1851050194723778,4.645526312126872,0.9443333333333334,0.9443333333333334,0.9443333333333334,0.9443333333333334,0.549,0.549,3000,3000,-0.003718434915816744
R96_eta0.7_N1e+07,96,0.7,10000000.0,2,known_peak_location_assisted,0.14999681558096656,0.13718611011017723,0.13725461051245866,0.12957992653865066,-0.01281070547078933,6.85004022814295e-05,-0.007674683973807994,-0.020416889042315894,1.0,1.0,0.21277053774472937,0.8340451819017565,0.9533333333333334,0.9533333333333334,0.9546666666666667,0.9546666666666667,0.7326666666666667,0.7326666666666667,3000,3000,0.00020977931218177064
R96_eta0.7_N1e+07,96,0.7,10000000.0,3,known_peak_location_assisted,0.31438775626348736,0.31186120088973657,0.31189163582492246,0.3015194842078638,-0.002526555373750794,3.0434935185896794e-05,-0.010372151617058678,-0.012868272055623575,1.0,1.0,0.2223717536669154,0.8716812567323097,0.9463333333333334,0.9463333333333334,0.9463333333333334,0.9463333333333334,0.9136666666666666,0.9136666666666666,3000,3000,0.000850429309731734
R96_eta0.7_N1e+07,96,0.7,10000000.0,4,known_peak_location_assisted,0.4897221005238716,0.48424746831487137,0.48423739498684465,0.4728166657535099,-0.005474632209000241,-1.0073328026716233e-05,-0.011420729233334759,-0.016905434770361716,1.0,1.0,0.25044956133273716,0.9817442403120133,0.9603333333333334,0.9603333333333334,0.9593333333333334,0.9593333333333334,0.9773333333333334,0.9773333333333334,3000,3000,-0.00046740082560092907
R96_eta0.7_N1e+07,96,0.7,10000000.0,2,current_blind,0.14999681558096656,0.13718611011017723,0.13725461051245866,0.12641378622096985,-0.01281070547078933,6.85004022814295e-05,-0.010840824291488804,-0.023583029359996704,1.0,1.0,0.20155863905073818,0.7900953466246889,0.9556666666666667,0.9556666666666667,0.956,0.956,0.7456666666666667,0.7456666666666667,3000,3000,-1.2664341979433828e-05
R96_eta0.7_N1e+07,96,0.7,10000000.0,3,current_blind,0.31438775626348736,0.31186120088973657,0.31189163582492246,0.2891978800990403,-0.002526555373750794,3.0434935185896794e-05,-0.02269375572588217,-0.025189876164447067,1.0,1.0,0.2090971125821708,0.819645619864721,0.9486666666666667,0.9486666666666667,0.9486666666666667,0.9486666666666667,0.9193333333333333,0.9193333333333333,3000,3000,0.0008315848687503729
R96_eta0.7_N1e+07,96,0.7,10000000.0,4,current_blind,0.4897221005238716,0.48424746831487137,0.48423739498684465,0.44890843397320024,-0.005474632209000241,-1.0073328026716233e-05,-0.03532896101364441,-0.04081366655067137,1.0,1.0,0.23332424657661327,0.9146142400201849,0.9566666666666667,0.9566666666666667,0.9593333333333334,0.9593333333333334,0.976,0.976,3000,3000,-0.00025562183360774217
R96_eta0.7_N1e+07,96,0.7,10000000.0,2,wide_blind,0.14999681558096656,0.13718611011017723,0.13525623930668818,0.13247858590778977,-0.01281070547078933,-0.0019298708034890533,-0.0027776533988984053,-0.01751822967317679,1.0,1.0,0.11551823971191703,0.45282317878563155,0.9373333333333334,0.9373333333333334,0.9406666666666667,0.9406666666666667,0.865,0.865,3000,3000,0.0012550716881081457
R96_eta0.7_N1e+07,96,0.7,10000000.0,3,wide_blind,0.31438775626348736,0.31186120088973657,0.3099754539493484,0.30272411306969144,-0.002526555373750794,-0.0018857469403881777,-0.007251340879656953,-0.011663643193795925,1.0,1.0,0.1327007921418528,0.5201775466359203,0.949,0.949,0.9496666666666667,0.9496666666666667,0.991,0.991,3000,3000,0.00043015140797452833
R96_eta0.7_N1e+07,96,0.7,10000000.0,4,wide_blind,0.4897221005238716,0.48424746831487137,0.48193792090208487,0.4733022709843576,-0.005474632209000241,-0.0023095474127864946,-0.00863564991772725,-0.016419829539513986,1.0,1.0,0.14600123197690318,0.5723143127464001,0.9546666666666667,0.9546666666666667,0.9546666666666667,0.9546666666666667,0.9993333333333333,0.9993333333333333,3000,3000,2.8318160379499105e-05
