tag,R0,eta,Nincident,m,estimator,h_ideal_mm,h_detector_mm,h_estimator0_mm,mean_h_random_mm,imaging_bias_mm,deterministic_estimator_bias_mm,random_bias_from_estimator0_mm,validation_extraction_rate,validation_replicates,calibrated_event_sd_mm,mean_local_maxima,ROI_expected_Iplus_at_detector_half,ROI_expected_Iminus_at_detector_half,ROI_expected_Iplus_at_detector_peak,ROI_expected_Iminus_at_detector_peak,ROI_expected_total_count_range,same_discrete_local_maximum_fraction_all,same_discrete_local_maximum_fraction_conditional
R24_eta0.35_N1e+06,24,0.35,1000000.0,1,known_peak_location_assisted,-0.2409663701440442,-0.24097739254578,-0.24287898387815557,-0.23887387206596028,-1.102240173578295e-05,-0.0019015913323755795,0.004005111812195289,1.0,3000,0.037928810745236956,2.843,16338.699983524257,1408.3755898601516,32430.301238037475,2571.211961357562,"[1082.77,35002.3]",,
R24_eta0.35_N1e+06,24,0.35,1000000.0,2,known_peak_location_assisted,-1.3225743310161875,-1.3192775010429123,-1.3215491964483987,-1.3191011897614027,0.003296829973275184,-0.0022716954054864402,0.0024480066869960737,1.0,3000,0.040642914741396405,3.074333333333333,21700.418533082626,3039.313664646043,43244.24869106253,5921.60032127968,"[1969.23,49168.1]",,
R24_eta0.35_N1e+06,24,0.35,1000000.0,3,known_peak_location_assisted,-2.557521217011741,-2.5595835471940416,-2.5565891511908974,-2.5525580391658518,-0.00206233018230062,0.0029943960031442174,0.00403111202504558,1.0,3000,0.0467508884086522,3.5036666666666667,24250.86610590424,4455.718220872067,48812.03862625092,9221.955475452041,"[2953.16,58036.9]",,
R24_eta0.35_N1e+06,24,0.35,1000000.0,4,known_peak_location_assisted,-3.9343068650159156,-3.941334737913883,-3.9397604906496726,-3.93665745889516,-0.007027872897967136,0.0015742472642101824,0.003103031754512653,1.0,3000,0.05273421353326461,4.161,25247.71017893223,5526.086985471998,51657.71688433697,12214.583684912228,"[4120.36,63909.8]",,
R24_eta0.35_N1e+06,24,0.35,1000000.0,1,current_blind,-0.2409663701440442,-0.24097739254578,-0.24287898387815557,-0.2364688737911992,-1.102240173578295e-05,-0.0019015913323755795,0.006410110086956355,1.0,3000,0.03750707751259922,2.843,16338.699983524257,1408.3755898601516,32430.301238037475,2571.211961357562,"[1082.77,35002.3]",0.5926666666666667,0.5926666666666667
R24_eta0.35_N1e+06,24,0.35,1000000.0,2,current_blind,-1.3225743310161875,-1.3192775010429123,-1.3215491964483987,-1.316126930975299,0.003296829973275184,-0.0022716954054864402,0.005422265473099763,1.0,3000,0.04018151504164025,3.074333333333333,21700.418533082626,3039.313664646043,43244.24869106253,5921.60032127968,"[1969.23,49168.1]",0.545,0.545
R24_eta0.35_N1e+06,24,0.35,1000000.0,3,current_blind,-2.557521217011741,-2.5595835471940416,-2.5565891511908974,-2.5487505428334645,-0.00206233018230062,0.0029943960031442174,0.007838608357432886,1.0,3000,0.04595052709340722,3.5036666666666667,24250.86610590424,4455.718220872067,48812.03862625092,9221.955475452041,"[2953.16,58036.9]",0.5156666666666667,0.5156666666666667
R24_eta0.35_N1e+06,24,0.35,1000000.0,4,current_blind,-3.9343068650159156,-3.941334737913883,-3.9397604906496726,-3.930943114082673,-0.007027872897967136,0.0015742472642101824,0.008817376566999435,1.0,3000,0.05153646419126627,4.161,25247.71017893223,5526.086985471998,51657.71688433697,12214.583684912228,"[4120.36,63909.8]",0.4646666666666667,0.4646666666666667
R24_eta0.35_N1e+06,24,0.35,1000000.0,1,wide_blind,-0.2409663701440442,-0.24097739254578,-0.25174175304725144,-0.25051952840356756,-1.102240173578295e-05,-0.010764360501471448,0.001222224643683878,1.0,3000,0.02820146902122509,1.3573333333333333,16338.699983524257,1408.3755898601516,32430.301238037475,2571.211961357562,"[1082.77,35002.3]",,
R24_eta0.35_N1e+06,24,0.35,1000000.0,2,wide_blind,-1.3225743310161875,-1.3192775010429123,-1.3325172721649636,-1.3324632027837016,0.003296829973275184,-0.013239771122051325,5.4069381262067395e-05,1.0,3000,0.02941344074948075,1.4103333333333334,21700.418533082626,3039.313664646043,43244.24869106253,5921.60032127968,"[1969.23,49168.1]",,
R24_eta0.35_N1e+06,24,0.35,1000000.0,3,wide_blind,-2.557521217011741,-2.5595835471940416,-2.5663846816407956,-2.5652325445376705,-0.00206233018230062,-0.006801134446754009,0.001152137103125117,1.0,3000,0.032688260730709816,1.5463333333333333,24250.86610590424,4455.718220872067,48812.03862625092,9221.955475452041,"[2953.16,58036.9]",,
R24_eta0.35_N1e+06,24,0.35,1000000.0,4,wide_blind,-3.9343068650159156,-3.941334737913883,-3.945259338428857,-3.944918335313049,-0.007027872897967136,-0.00392460051497423,0.00034100311580820275,1.0,3000,0.035264431365431476,1.758,25247.71017893223,5526.086985471998,51657.71688433697,12214.583684912228,"[4120.36,63909.8]",,
R24_eta0.7_N1e+06,24,0.7,1000000.0,1,known_peak_location_assisted,-0.03149982480057249,-0.028065535661275266,-0.03377384869928845,-0.028304482024663034,0.0034342891392972266,-0.0057083130380131825,0.005469366674625414,1.0,3000,0.07335563227013112,6.378333333333333,5684.994855998321,411.30888075289545,11185.254691953818,637.9904327236152,"[419.871,11823.3]",,
R24_eta0.7_N1e+06,24,0.7,1000000.0,2,known_peak_location_assisted,-1.1854835654296783,-1.172475317749742,-1.176344796238268,-1.1694153051865759,0.013008247679936247,-0.0038694784885260347,0.00692949105169216,1.0,3000,0.08130771654718287,6.914666666666666,7392.767268705795,861.9330606746628,14456.559939239085,1395.2306284263996,"[744.287,15855.2]",,
R24_eta0.7_N1e+06,24,0.7,1000000.0,3,known_peak_location_assisted,-2.4514067296555804,-2.4487807605341114,-2.441300844224363,-2.442677613307368,0.002625969121468952,0.0074799163097485355,-0.0013767690830053247,1.0,3000,0.1024367559334392,8.371,8112.520869403686,1233.1354163182355,15869.278669974947,2111.1392488520155,"[1088.52,17980.6]",,
R24_eta0.7_N1e+06,24,0.7,1000000.0,4,known_peak_location_assisted,-3.8187596157012607,-3.8561308733035373,-3.823406655945305,-3.8357819703922322,-0.037371257602276664,0.03272421735823228,-0.012375314446927188,1.0,3000,0.12923368213798683,10.744,8337.774377707956,1520.8448515133125,16371.41353299496,2737.838774174674,"[1481.57,19125.7]",,
R24_eta0.7_N1e+06,24,0.7,1000000.0,1,current_blind,-0.03149982480057249,-0.028065535661275266,-0.03377384869928845,-0.012714232192159166,0.0034342891392972266,-0.0057083130380131825,0.021059616507129283,1.0,3000,0.0714193620371034,6.378333333333333,5684.994855998321,411.30888075289545,11185.254691953818,637.9904327236152,"[419.871,11823.3]",0.30833333333333335,0.30833333333333335
R24_eta0.7_N1e+06,24,0.7,1000000.0,2,current_blind,-1.1854835654296783,-1.172475317749742,-1.176344796238268,-1.1538408815394139,0.013008247679936247,-0.0038694784885260347,0.022503914698854155,1.0,3000,0.07878076298390327,6.914666666666666,7392.767268705795,861.9330606746628,14456.559939239085,1395.2306284263996,"[744.287,15855.2]",0.33766666666666667,0.33766666666666667
R24_eta0.7_N1e+06,24,0.7,1000000.0,3,current_blind,-2.4514067296555804,-2.4487807605341114,-2.441300844224363,-2.41119052179154,0.002625969121468952,0.0074799163097485355,0.030110322432822745,1.0,3000,0.09544653013180533,8.371,8112.520869403686,1233.1354163182355,15869.278669974947,2111.1392488520155,"[1088.52,17980.6]",0.23733333333333334,0.23733333333333334
R24_eta0.7_N1e+06,24,0.7,1000000.0,4,current_blind,-3.8187596157012607,-3.8561308733035373,-3.823406655945305,-3.7800337581400028,-0.037371257602276664,0.03272421735823228,0.04337289780530229,1.0,3000,0.12508054671133897,10.744,8337.774377707956,1520.8448515133125,16371.41353299496,2737.838774174674,"[1481.57,19125.7]",0.164,0.164
R24_eta0.7_N1e+06,24,0.7,1000000.0,1,wide_blind,-0.03149982480057249,-0.028065535661275266,-0.037390175428014136,-0.033561642334634795,0.0034342891392972266,-0.00932463976673887,0.003828533093379341,1.0,3000,0.04527747719476408,2.4603333333333333,5684.994855998321,411.30888075289545,11185.254691953818,637.9904327236152,"[419.871,11823.3]",,
R24_eta0.7_N1e+06,24,0.7,1000000.0,2,wide_blind,-1.1854835654296783,-1.172475317749742,-1.1962063012096453,-1.1915926308331466,0.013008247679936247,-0.02373098345990332,0.004613670376498735,1.0,3000,0.05197348447958973,2.683666666666667,7392.767268705795,861.9330606746628,14456.559939239085,1395.2306284263996,"[744.287,15855.2]",,
R24_eta0.7_N1e+06,24,0.7,1000000.0,3,wide_blind,-2.4514067296555804,-2.4487807605341114,-2.4552254815743284,-2.448263659743584,0.002625969121468952,-0.006444721040216983,0.006961821830744341,1.0,3000,0.06081002970789289,3.126,8112.520869403686,1233.1354163182355,15869.278669974947,2111.1392488520155,"[1088.52,17980.6]",,
R24_eta0.7_N1e+06,24,0.7,1000000.0,4,wide_blind,-3.8187596157012607,-3.8561308733035373,-3.8256049844529008,-3.820083052383819,-0.037371257602276664,0.030525888850636562,0.005521932069081803,1.0,3000,0.07598059845406761,3.7756666666666665,8337.774377707956,1520.8448515133125,16371.41353299496,2737.838774174674,"[1481.57,19125.7]",,
R96_eta0.35_N1e+06,96,0.35,1000000.0,1,known_peak_location_assisted,0.46005410091320176,0.45786436742878406,0.4577163478585821,0.47503737339824487,-0.0021897334844176997,-0.00014801957020194045,0.01732102553966275,1.0,3000,0.09861104196891327,5.376,1318.6170553109887,115.09562427204861,2618.829126599177,211.89162224468762,"[61.0856,2830.92]",,
R96_eta0.35_N1e+06,96,0.35,1000000.0,2,known_peak_location_assisted,0.32307101712466907,0.32603644071296606,0.3258597227768451,0.34668660428957143,0.0029654235882969893,-0.00017671793612095144,0.020826881512726325,1.0,3000,0.10474651011726192,5.608,1893.4717925046493,257.1269877765405,3766.97060398161,494.47483097479096,"[99.0435,4261.88]",,
R96_eta0.35_N1e+06,96,0.35,1000000.0,3,known_peak_location_assisted,0.16955711214677724,0.16650228635260597,0.16702860588757504,0.18970743358449144,-0.0030548257941712675,0.0005263195349690664,0.022678827696916398,1.0,3000,0.11500243710032677,6.268,2296.853588618614,403.6992981797944,4552.499975913576,766.2706571339909,"[133.224,5337.52]",,
R96_eta0.35_N1e+06,96,0.35,1000000.0,4,known_peak_location_assisted,0.002591215383680347,0.001364489888248689,0.0023103088833614717,0.02420127324192986,-0.001226725495431658,0.0009458189951127827,0.02189096435856839,1.0,3000,0.12488470622660347,7.018,2595.717073317075,533.1078054860365,5160.96969957366,1035.6796487975014,"[166.083,6196.93]",,
R96_eta0.35_N1e+06,96,0.35,1000000.0,1,current_blind,0.46005410091320176,0.45786436742878406,0.4577163478585821,0.4934811592986829,-0.0021897334844176997,-0.00014801957020194045,0.0357648114401008,1.0,3000,0.09067554226321661,5.376,1318.6170553109887,115.09562427204861,2618.829126599177,211.89162224468762,"[61.0856,2830.92]",0.46266666666666667,0.46266666666666667
R96_eta0.35_N1e+06,96,0.35,1000000.0,2,current_blind,0.32307101712466907,0.32603644071296606,0.3258597227768451,0.36633030802621724,0.0029654235882969893,-0.00017671793612095144,0.04047058524937214,1.0,3000,0.09783823544681136,5.608,1893.4717925046493,257.1269877765405,3766.97060398161,494.47483097479096,"[99.0435,4261.88]",0.446,0.446
R96_eta0.35_N1e+06,96,0.35,1000000.0,3,current_blind,0.16955711214677724,0.16650228635260597,0.16702860588757504,0.21461894647371066,-0.0030548257941712675,0.0005263195349690664,0.04759034058613562,1.0,3000,0.11135600747062255,6.268,2296.853588618614,403.6992981797944,4552.499975913576,766.2706571339909,"[133.224,5337.52]",0.4013333333333333,0.4013333333333333
R96_eta0.35_N1e+06,96,0.35,1000000.0,4,current_blind,0.002591215383680347,0.001364489888248689,0.0023103088833614717,0.051268345823246304,-0.001226725495431658,0.0009458189951127827,0.04895803693988483,1.0,3000,0.11850638469954003,7.018,2595.717073317075,533.1078054860365,5160.96969957366,1035.6796487975014,"[166.083,6196.93]",0.422,0.422
R96_eta0.35_N1e+06,96,0.35,1000000.0,1,wide_blind,0.46005410091320176,0.45786436742878406,0.45129505030106787,0.4580007997817929,-0.0021897334844176997,-0.00656931712771619,0.006705749480725054,1.0,3000,0.060034618239090405,2.025333333333333,1318.6170553109887,115.09562427204861,2618.829126599177,211.89162224468762,"[61.0856,2830.92]",,
R96_eta0.35_N1e+06,96,0.35,1000000.0,2,wide_blind,0.32307101712466907,0.32603644071296606,0.32044996353175786,0.32730327830990935,0.0029654235882969893,-0.005586477181208194,0.006853314778151487,1.0,3000,0.06300763782521233,2.123,1893.4717925046493,257.1269877765405,3766.97060398161,494.47483097479096,"[99.0435,4261.88]",,
R96_eta0.35_N1e+06,96,0.35,1000000.0,3,wide_blind,0.16955711214677724,0.16650228635260597,0.16233866614768191,0.17208766425565436,-0.0030548257941712675,-0.004163620204924057,0.009748998107972445,1.0,3000,0.07187948727765317,2.263,2296.853588618614,403.6992981797944,4552.499975913576,766.2706571339909,"[133.224,5337.52]",,
R96_eta0.35_N1e+06,96,0.35,1000000.0,4,wide_blind,0.002591215383680347,0.001364489888248689,-0.003681793300565097,0.0058884156299172236,-0.001226725495431658,-0.005046283188813786,0.00957020893048232,1.0,3000,0.0759578652967386,2.453666666666667,2595.717073317075,533.1078054860365,5160.96969957366,1035.6796487975014,"[166.083,6196.93]",,
R96_eta0.7_N1e+06,96,0.7,1000000.0,1,known_peak_location_assisted,0.9701336570699486,0.9667746794721618,0.9666857520037253,1.7130709179629713,-0.0033589775977868053,-8.89274684364727e-05,0.746385165959246,1.0,3000,0.9522004808548198,22.220666666666666,85.8068483363341,6.833952060959234,169.324642492067,11.384872590563194,"[3.72239,180.795]",,
R96_eta0.7_N1e+06,96,0.7,1000000.0,2,known_peak_location_assisted,0.820136841488982,0.8295885693619846,0.8294311414912666,1.8323239084975083,0.009451727873002524,-0.00015742787071792996,1.0028927670062417,1.0,3000,1.0916363634104405,22.159333333333333,122.01559663594105,14.993561220213703,239.68848966280464,25.656485468010445,"[5.98161,265.671]",,
R96_eta0.7_N1e+06,96,0.7,1000000.0,3,known_peak_location_assisted,0.6557459008064612,0.6549134785824252,0.6547941161788028,2.0277229582920397,-0.0008324222240360113,-0.000119362403622425,1.3729288421132368,1.0,3000,1.2953219179816247,22.376666666666665,146.48741055996163,23.160387223343683,285.2692700560549,38.62668636169838,"[7.97864,324.523]",,
R96_eta0.7_N1e+06,96,0.7,1000000.0,4,known_peak_location_assisted,0.480411556546077,0.4825272111572904,0.48244835701688066,2.303358480017896,0.0021156546112134356,-7.885414040975647e-05,1.8209101230010152,1.0,3000,1.6420266169246782,22.345,163.43553330114958,29.751243801848506,317.5464944992831,50.18199007587063,"[9.86559,370.175]",,
R96_eta0.7_N1e+06,96,0.7,1000000.0,1,current_blind,0.9701336570699486,0.9667746794721618,0.9666857520037253,2.2439282465709107,-0.0033589775977868053,-8.89274684364727e-05,1.2772424945671854,1.0,3000,0.8287260039457421,22.220666666666666,85.8068483363341,6.833952060959234,169.324642492067,11.384872590563194,"[3.72239,180.795]",0.15633333333333332,0.15633333333333332
R96_eta0.7_N1e+06,96,0.7,1000000.0,2,current_blind,0.820136841488982,0.8295885693619846,0.8294311414912666,2.548787419052854,0.009451727873002524,-0.00015742787071792996,1.7193562775615874,1.0,3000,1.0079426050403202,22.159333333333333,122.01559663594105,14.993561220213703,239.68848966280464,25.656485468010445,"[5.98161,265.671]",0.14933333333333335,0.14933333333333335
R96_eta0.7_N1e+06,96,0.7,1000000.0,3,current_blind,0.6557459008064612,0.6549134785824252,0.6547941161788028,2.9591601504883633,-0.0008324222240360113,-0.000119362403622425,2.3043660343095604,1.0,3000,1.331304539454831,22.376666666666665,146.48741055996163,23.160387223343683,285.2692700560549,38.62668636169838,"[7.97864,324.523]",0.13633333333333333,0.13633333333333333
R96_eta0.7_N1e+06,96,0.7,1000000.0,4,current_blind,0.480411556546077,0.4825272111572904,0.48244835701688066,3.486683879096363,0.0021156546112134356,-7.885414040975647e-05,3.0042355220794823,1.0,3000,1.6449845147787987,22.345,163.43553330114958,29.751243801848506,317.5464944992831,50.18199007587063,"[9.86559,370.175]",0.13,0.13
R96_eta0.7_N1e+06,96,0.7,1000000.0,1,wide_blind,0.9701336570699486,0.9667746794721618,0.9602216931192684,1.2169489402543796,-0.0033589775977868053,-0.006552986352893364,0.2567272471351112,1.0,3000,0.6363532050529543,19.971,85.8068483363341,6.833952060959234,169.324642492067,11.384872590563194,"[3.72239,180.795]",,
R96_eta0.7_N1e+06,96,0.7,1000000.0,2,wide_blind,0.820136841488982,0.8295885693619846,0.8249654538125802,1.1688418684779005,0.009451727873002524,-0.004623115549404311,0.34387641466532026,1.0,3000,0.7146050156972635,21.082333333333334,122.01559663594105,14.993561220213703,239.68848966280464,25.656485468010445,"[5.98161,265.671]",,
R96_eta0.7_N1e+06,96,0.7,1000000.0,3,wide_blind,0.6557459008064612,0.6549134785824252,0.6502462391699201,1.1458213894541172,-0.0008324222240360113,-0.004667239412505131,0.4955751502841971,1.0,3000,0.8435888533840408,21.997,146.48741055996163,23.160387223343683,285.2692700560549,38.62668636169838,"[7.97864,324.523]",,
R96_eta0.7_N1e+06,96,0.7,1000000.0,4,wide_blind,0.480411556546077,0.4825272111572904,0.4782837722171836,1.0820581517288979,0.0021156546112134356,-0.004243438940106814,0.6037743795117143,1.0,3000,0.9960379690382409,22.580333333333332,163.43553330114958,29.751243801848506,317.5464944992831,50.18199007587063,"[9.86559,370.175]",,
R96_eta0.7_N1e+07,96,0.7,10000000.0,1,known_peak_location_assisted,0.9701336570699486,0.9667746794721618,0.9666857520037253,0.9890539334359254,-0.0033589775977868053,-8.89274684364727e-05,0.022368181432200096,1.0,3000,0.14304669063245953,10.067666666666666,858.068483363341,68.33952060959234,1693.2464249206698,113.84872590563194,"[37.2239,1807.95]",,
R96_eta0.7_N1e+07,96,0.7,10000000.0,2,known_peak_location_assisted,0.820136841488982,0.8295885693619846,0.8294311414912666,0.8594740068972746,0.009451727873002524,-0.00015742787071792996,0.03004286540600798,1.0,3000,0.15883483451575184,10.826,1220.1559663594105,149.93561220213704,2396.884896628046,256.5648546801044,"[59.8161,2656.71]",,
R96_eta0.7_N1e+07,96,0.7,10000000.0,3,known_peak_location_assisted,0.6557459008064612,0.6549134785824252,0.6547941161788028,0.6875344492280615,-0.0008324222240360113,-0.000119362403622425,0.03274033304925872,1.0,3000,0.17517905053819705,12.201666666666666,1464.8741055996163,231.60387223343685,2852.6927005605494,386.2668636169838,"[79.7864,3245.23]",,
R96_eta0.7_N1e+07,96,0.7,10000000.0,4,known_peak_location_assisted,0.480411556546077,0.4825272111572904,0.48244835701688066,0.5162372676824154,0.0021156546112134356,-7.885414040975647e-05,0.033788910665534744,1.0,3000,0.20329246277139745,13.606333333333334,1634.3553330114958,297.51243801848506,3175.4649449928306,501.8199007587063,"[98.6559,3701.75]",,
R96_eta0.7_N1e+07,96,0.7,10000000.0,1,current_blind,0.9701336570699486,0.9667746794721618,0.9666857520037253,1.0278913712408215,-0.0033589775977868053,-8.89274684364727e-05,0.06120561923709622,1.0,3000,0.13594179541890783,10.067666666666666,858.068483363341,68.33952060959234,1693.2464249206698,113.84872590563194,"[37.2239,1807.95]",0.3556666666666667,0.3556666666666667
R96_eta0.7_N1e+07,96,0.7,10000000.0,2,current_blind,0.820136841488982,0.8295885693619846,0.8294311414912666,0.9014775850198516,0.009451727873002524,-0.00015742787071792996,0.07204644352858502,1.0,3000,0.1487292323328225,10.826,1220.1559663594105,149.93561220213704,2396.884896628046,256.5648546801044,"[59.8161,2656.71]",0.33066666666666666,0.33066666666666666
R96_eta0.7_N1e+07,96,0.7,10000000.0,3,current_blind,0.6557459008064612,0.6549134785824252,0.6547941161788028,0.7386934911417812,-0.0008324222240360113,-0.000119362403622425,0.08389937496297839,1.0,3000,0.16402621889803337,12.201666666666666,1464.8741055996163,231.60387223343685,2852.6927005605494,386.2668636169838,"[79.7864,3245.23]",0.32566666666666666,0.32566666666666666
R96_eta0.7_N1e+07,96,0.7,10000000.0,4,current_blind,0.480411556546077,0.4825272111572904,0.48244835701688066,0.5789829372676212,0.0021156546112134356,-7.885414040975647e-05,0.09653458025074052,1.0,3000,0.18827848690599933,13.606333333333334,1634.3553330114958,297.51243801848506,3175.4649449928306,501.8199007587063,"[98.6559,3701.75]",0.2986666666666667,0.2986666666666667
R96_eta0.7_N1e+07,96,0.7,10000000.0,1,wide_blind,0.9701336570699486,0.9667746794721618,0.9602216931192684,0.9698168595266182,-0.0033589775977868053,-0.006552986352893364,0.009595166407349809,1.0,3000,0.0869844670898565,3.268666666666667,858.068483363341,68.33952060959234,1693.2464249206698,113.84872590563194,"[37.2239,1807.95]",,
R96_eta0.7_N1e+07,96,0.7,10000000.0,2,wide_blind,0.820136841488982,0.8295885693619846,0.8249654538125802,0.8373382736188284,0.009451727873002524,-0.004623115549404311,0.012372819806248159,1.0,3000,0.09104015359966111,3.3973333333333335,1220.1559663594105,149.93561220213704,2396.884896628046,256.5648546801044,"[59.8161,2656.71]",,
R96_eta0.7_N1e+07,96,0.7,10000000.0,3,wide_blind,0.6557459008064612,0.6549134785824252,0.6502462391699201,0.6670927464569267,-0.0008324222240360113,-0.004667239412505131,0.01684650728700665,1.0,3000,0.10441985221268008,3.8276666666666666,1464.8741055996163,231.60387223343685,2852.6927005605494,386.2668636169838,"[79.7864,3245.23]",,
R96_eta0.7_N1e+07,96,0.7,10000000.0,4,wide_blind,0.480411556546077,0.4825272111572904,0.4782837722171836,0.49651458854226044,0.0021156546112134356,-0.004243438940106814,0.018230816325076837,1.0,3000,0.11750190868503442,4.2683333333333335,1634.3553330114958,297.51243801848506,3175.4649449928306,501.8199007587063,"[98.6559,3701.75]",,
