scenario,m,estimator,Delta_ideal_mm,Delta_estimator0_mm,Delta_random_mean_mm,total_bias_mm,validation_extraction_rate,sign_recovery_all,sign_recovery_conditional,calibrated_95_CI_width_mm,coverage_ideal_all,coverage_ideal_conditional
counting_plus_read,2,known_peak_location_assisted,0.14999681558096656,0.13725461051245794,-0.09579128086622882,-0.24578809644719538,1.0,0.47433333333333333,0.47433333333333333,5.253397848272656,0.9456666666666667,0.9456666666666667
counting_plus_read,3,known_peak_location_assisted,0.31438775626348736,0.3118916358249223,-0.2760143476720583,-0.5904021039355456,1.0,0.44533333333333336,0.44533333333333336,6.110826939934609,0.9323333333333333,0.9323333333333333
counting_plus_read,4,known_peak_location_assisted,0.4897221005238716,0.48423739498684454,-0.5151909504445126,-1.0049130509683841,1.0,0.38966666666666666,0.38966666666666666,6.7705175908940145,0.909,0.909
counting_plus_read,2,current_blind,0.14999681558096656,0.13725461051245794,-0.23821873678137034,-0.3882155523623369,1.0,0.43533333333333335,0.43533333333333335,4.718350597530495,0.9226666666666666,0.9226666666666666
counting_plus_read,3,current_blind,0.31438775626348736,0.3118916358249223,-0.5487691298745262,-0.8631568861380136,1.0,0.37066666666666664,0.37066666666666664,6.192892510368733,0.937,0.937
counting_plus_read,4,current_blind,0.4897221005238716,0.48423739498684454,-1.0679388418310554,-1.557660942354927,1.0,0.269,0.269,6.804756115249347,0.87,0.87
counting_plus_read,2,wide_blind,0.14999681558096656,0.13525623930668673,0.048291030183236806,-0.10170578539772976,1.0,0.521,0.521,3.5485516098411383,0.9423333333333334,0.9423333333333334
counting_plus_read,3,wide_blind,0.31438775626348736,0.3099754539493481,0.13564750699007302,-0.17874024927341434,1.0,0.561,0.561,3.954841071000064,0.9506666666666667,0.9506666666666667
counting_plus_read,4,wide_blind,0.4897221005238716,0.48193792090208476,0.14161604149629267,-0.34810605902757896,1.0,0.5603333333333333,0.5603333333333333,4.460983484955624,0.9513333333333334,0.9513333333333334
counting_plus_background,2,known_peak_location_assisted,0.14999681558096656,0.13725461051245794,0.09831834054767565,-0.05167847503329091,1.0,0.5653333333333334,0.5653333333333334,2.2335699376819464,0.9356666666666666,0.9356666666666666
counting_plus_background,3,known_peak_location_assisted,0.31438775626348736,0.3118916358249223,0.24083248933536197,-0.07355526692812539,1.0,0.6446666666666667,0.6446666666666667,2.494140625693871,0.9493333333333334,0.9493333333333334
counting_plus_background,4,known_peak_location_assisted,0.4897221005238716,0.48423739498684454,0.36157123126492996,-0.12815086925894165,1.0,0.7046666666666667,0.7046666666666667,2.6044277513467877,0.9466666666666667,0.9466666666666667
counting_plus_background,2,current_blind,0.14999681558096656,0.13725461051245794,0.09736339646096928,-0.05263341911999728,1.0,0.5746666666666667,0.5746666666666667,2.063753435258711,0.9433333333333334,0.9433333333333334
counting_plus_background,3,current_blind,0.31438775626348736,0.3118916358249223,0.20603323794537695,-0.10835451831811041,1.0,0.6523333333333333,0.6523333333333333,2.2123355148719996,0.9413333333333334,0.9413333333333334
counting_plus_background,4,current_blind,0.4897221005238716,0.48423739498684454,0.2695721013587088,-0.2201499991651628,1.0,0.6726666666666666,0.6726666666666666,2.4455911762138265,0.9463333333333334,0.9463333333333334
counting_plus_background,2,wide_blind,0.14999681558096656,0.13525623930668673,0.12365871463845962,-0.026338100942506937,1.0,0.637,0.637,1.3801201797240514,0.9533333333333334,0.9533333333333334
counting_plus_background,3,wide_blind,0.31438775626348736,0.3099754539493481,0.2879341598696742,-0.026453596393813172,1.0,0.772,0.772,1.4863308734553469,0.944,0.944
counting_plus_background,4,wide_blind,0.4897221005238716,0.48193792090208476,0.44293075723772246,-0.046791343286149145,1.0,0.8583333333333333,0.8583333333333333,1.6592572762554587,0.9603333333333334,0.9603333333333334
